"label","id","mRNA","methy"
"MGAT3","node_id_0",4.9928998947143555,0.275299996137619
"MGAT4B","node_id_1",10.311599731445312,0.450300008058548
"MGAT5","node_id_2",7.120800018310547,0.3677999973297119
"MGAT5B","node_id_3",4.158699989318848,0.21549999713897705
