"label","id","mRNA","methy"
"MGAT3","node_id_0",9.028200149536133,-0.09440000355243683
"MGAT4B","node_id_1",11.723999977111816,0.3662000000476837
"MGAT5","node_id_2",9.305899620056152,0.3682999908924103
"MGAT5B","node_id_3",5.014999866485596,-0.3434999883174896
