"label","id","mRNA","methy"
"MGAT3","node_id_0",11.624899864196777,-0.2770000100135803
"MGAT4B","node_id_1",13.033100128173828,0.36160001158714294
"MGAT5","node_id_2",6.838900089263916,0.4043000042438507
"MGAT5B","node_id_3",4.406599998474121,-0.3871000111103058
