"label","id","mRNA","methy"
"MGAT3","node_id_0",10.16569995880127,-0.40610000491142273
"MGAT4B","node_id_1",10.648200035095215,0.4302999973297119
"MGAT5","node_id_2",3.3454999923706055,0.42010000348091125
"MGAT5B","node_id_3",4.484499931335449,-0.27160000801086426
