"label","id","mRNA","methy"
"MGAT3","node_id_0",8.447400093078613,-0.005200000014156103
"MGAT4B","node_id_1",11.244500160217285,0.10050000250339508
"MGAT5","node_id_2",9.517900466918945,0.12409999966621399
"MGAT5B","node_id_3",7.386899948120117,-0.3815000057220459
