"label","id","mRNA","methy"
"MGAT3","node_id_0",7.55019998550415,0.07720000296831131
"MGAT4B","node_id_1",11.832900047302246,0.4097000062465668
"MGAT5","node_id_2",8.810799598693848,0.41990000009536743
"MGAT5B","node_id_3",6.189599990844727,-0.2167000025510788
