"label","id","mRNA","methy"
"MGAT3","node_id_0",11.733599662780762,-0.3538999855518341
"MGAT4B","node_id_1",11.877599716186523,0.41769999265670776
"MGAT5","node_id_2",8.089099884033203,0.44620001316070557
"MGAT5B","node_id_3",2.2146999835968018,0.06289999932050705
