"label","id","mRNA","methy"
"MGAT3","node_id_0",6.297599792480469,0.18369999527931213
"MGAT4B","node_id_1",10.19950008392334,0.4251999855041504
"MGAT5","node_id_2",7.219299793243408,0.22869999706745148
"MGAT5B","node_id_3",2.6963999271392822,-0.038100000470876694
