"label","id","mRNA","methy"
"MGAT3","node_id_0",5.533899784088135,-0.33230000734329224
"MGAT4B","node_id_1",11.18809986114502,0.07460000365972519
"MGAT5","node_id_2",7.687300205230713,0.2506999969482422
"MGAT5B","node_id_3",4.732500076293945,-0.18709999322891235
