"label","id","mRNA","methy"
"MGAT3","node_id_0",7.5868000984191895,-0.10719999670982361
"MGAT4B","node_id_1",11.119400024414062,0.4007999897003174
"MGAT5","node_id_2",5.917699813842773,0.4334999918937683
"MGAT5B","node_id_3",5.654099941253662,-0.14079999923706055
