"label","id","mRNA","methy"
"MGAT3","node_id_0",5.641600131988525,0.23880000412464142
"MGAT4B","node_id_1",10.114700317382812,0.4059000015258789
"MGAT5","node_id_2",6.493800163269043,0.2547999918460846
"MGAT5B","node_id_3",6.152900218963623,-0.3174000084400177
