"label","id","mRNA","methy"
"MGAT3","node_id_0",8.610300064086914,-0.2533999979496002
"MGAT4B","node_id_1",11.984800338745117,-0.06069999933242798
"MGAT5","node_id_2",7.806600093841553,0.13030000030994415
"MGAT5B","node_id_3",2.3213999271392822,-0.12229999899864197
