"label","id","mRNA","methy"
"MGAT3","node_id_0",4.829599857330322,0.025200000032782555
"MGAT4B","node_id_1",10.602299690246582,0.29910001158714294
"MGAT5","node_id_2",5.442800045013428,0.35589998960494995
"MGAT5B","node_id_3",2.406899929046631,-0.38350000977516174
