"label","id","mRNA","methy"
"MGAT3","node_id_0",11.092300415039062,-0.23739999532699585
"MGAT4B","node_id_1",12.107199668884277,0.37689998745918274
"MGAT5","node_id_2",7.9207000732421875,0.42340001463890076
"MGAT5B","node_id_3",3.097100019454956,-0.23690000176429749
