"label","id","mRNA","methy"
"MGAT3","node_id_0",6.045899868011475,0.2069000005722046
"MGAT4B","node_id_1",10.883600234985352,0.4246000051498413
"MGAT5","node_id_2",8.267800331115723,0.28459998965263367
"MGAT5B","node_id_3",4.047800064086914,0.03009999915957451
