"label","id","mRNA","methy"
"MGAT3","node_id_0",8.461799621582031,0.07999999821186066
"MGAT4B","node_id_1",11.474100112915039,0.3269999921321869
"MGAT5","node_id_2",8.826399803161621,0.31630000472068787
"MGAT5B","node_id_3",3.439199924468994,-0.2328999936580658
