"label","id","mRNA","methy"
"MGAT3","node_id_0",10.290800094604492,-0.12120000272989273
"MGAT4B","node_id_1",10.818599700927734,0.3928000032901764
"MGAT5","node_id_2",8.814499855041504,0.21400000154972076
"MGAT5B","node_id_3",4.461299896240234,-0.3465999960899353
