"label","id","mRNA","methy"
"MGAT3","node_id_0",7.252200126647949,0.08860000222921371
"MGAT4B","node_id_1",10.86709976196289,0.42669999599456787
"MGAT5","node_id_2",7.402200222015381,0.23100000619888306
"MGAT5B","node_id_3",3.342400074005127,-0.22220000624656677
