"label","id","mRNA","methy"
"MGAT3","node_id_0",5.979499816894531,0.06970000267028809
"MGAT4B","node_id_1",11.746000289916992,0.35989999771118164
"MGAT5","node_id_2",5.921500205993652,0.015200000256299973
"MGAT5B","node_id_3",8.332799911499023,-0.3260999917984009
