"label","id","mRNA","methy"
"MGAT3","node_id_0",11.10509967803955,-0.3142000138759613
"MGAT4B","node_id_1",11.483699798583984,0.41760000586509705
"MGAT5","node_id_2",7.762899875640869,0.4287000000476837
"MGAT5B","node_id_3",2.6984000205993652,0.07859999686479568
