"label","id","mRNA","methy"
"MGAT3","node_id_0",5.196499824523926,0.3057999908924103
"MGAT4B","node_id_1",11.094200134277344,0.4587000012397766
"MGAT5","node_id_2",8.267399787902832,0.2418999969959259
"MGAT5B","node_id_3",4.509699821472168,-0.22419999539852142
