"label","id","mRNA","methy"
"MGAT3","node_id_0",7.91949987411499,0.02930000051856041
"MGAT4B","node_id_1",11.112199783325195,0.4050999879837036
"MGAT5","node_id_2",8.809399604797363,0.3919000029563904
"MGAT5B","node_id_3",4.716800212860107,-0.38370001316070557
