"label","id","mRNA","methy"
"MGAT3","node_id_0",3.6840999126434326,0.07729999721050262
"MGAT4B","node_id_1",11.419500350952148,0.40619999170303345
"MGAT5","node_id_2",8.026200294494629,-0.03790000081062317
"MGAT5B","node_id_3",2.675299882888794,-0.36329999566078186
