"label","id","mRNA","methy"
"MGAT3","node_id_0",7.114799976348877,0.24120000004768372
"MGAT4B","node_id_1",10.982500076293945,0.3192000091075897
"MGAT5","node_id_2",8.094300270080566,0.35089999437332153
"MGAT5B","node_id_3",4.515999794006348,-0.44909998774528503
