"label","id","mRNA","methy"
"MGAT3","node_id_0",10.563799858093262,-0.41819998621940613
"MGAT4B","node_id_1",11.641900062561035,0.36390000581741333
"MGAT5","node_id_2",6.88100004196167,0.3278000056743622
"MGAT5B","node_id_3",4.251100063323975,-0.10289999842643738
