"label","id","mRNA","methy"
"MGAT3","node_id_0",11.730600357055664,-0.3192000091075897
"MGAT4B","node_id_1",11.371399879455566,0.2757999897003174
"MGAT5","node_id_2",5.97130012512207,0.40070000290870667
"MGAT5B","node_id_3",3.2065999507904053,-9.999999747378752e-05
