"label","id","mRNA","methy"
"MGAT3","node_id_0",6.251699924468994,0.10970000177621841
"MGAT4B","node_id_1",11.5600004196167,0.1606999933719635
"MGAT5","node_id_2",5.749000072479248,0.21660000085830688
"MGAT5B","node_id_3",3.1603000164031982,-0.37220001220703125
