"label","id","mRNA","methy"
"MGAT3","node_id_0",7.869800090789795,0.12240000069141388
"MGAT4B","node_id_1",11.523200035095215,0.41290000081062317
"MGAT5","node_id_2",8.8572998046875,0.2973000109195709
"MGAT5B","node_id_3",3.1842000484466553,-0.335099995136261
