"label","id","mRNA","methy"
"MGAT3","node_id_0",9.225600242614746,-0.09109999984502792
"MGAT4B","node_id_1",11.735600471496582,0.3978999853134155
"MGAT5","node_id_2",6.673699855804443,0.37950000166893005
"MGAT5B","node_id_3",3.9911000728607178,-0.4050999879837036
