"label","id","mRNA","methy"
"MGAT3","node_id_0",4.943900108337402,0.07900000363588333
"MGAT4B","node_id_1",11.178600311279297,0.1671999990940094
"MGAT5","node_id_2",5.960299968719482,0.32109999656677246
"MGAT5B","node_id_3",9.666600227355957,-0.3912000060081482
