"label","id","mRNA","methy"
"MGAT3","node_id_0",8.674400329589844,-0.17499999701976776
"MGAT4B","node_id_1",10.863699913024902,0.3352999985218048
"MGAT5","node_id_2",8.799599647521973,0.4171000123023987
"MGAT5B","node_id_3",3.658099889755249,-0.11900000274181366
