"label","id","mRNA","methy"
"MGAT3","node_id_0",6.492400169372559,0.15240000188350677
"MGAT4B","node_id_1",10.011899948120117,0.38909998536109924
"MGAT5","node_id_2",4.921999931335449,0.32179999351501465
"MGAT5B","node_id_3",4.282299995422363,-0.3433000147342682
