"label","id","mRNA","methy"
"MGAT3","node_id_0",8.253399848937988,-0.2833000123500824
"MGAT4B","node_id_1",11.559900283813477,0.39430001378059387
"MGAT5","node_id_2",5.286200046539307,0.42289999127388
"MGAT5B","node_id_3",1.7714999914169312,-0.12319999933242798
