"label","id","mRNA","methy"
"MGAT3","node_id_0",8.31719970703125,-0.3765000104904175
"MGAT4B","node_id_1",11.154199600219727,0.4025000035762787
"MGAT5","node_id_2",7.920499801635742,0.42100000381469727
"MGAT5B","node_id_3",3.7342000007629395,-0.4221000075340271
