"label","id","mRNA","methy"
"MGAT3","node_id_0",8.857199668884277,-0.4172999858856201
"MGAT4B","node_id_1",11.682900428771973,0.10100000351667404
"MGAT5","node_id_2",8.479900360107422,0.13220000267028809
"MGAT5B","node_id_3",8.238800048828125,-0.3167000114917755
