"label","id","mRNA","methy"
"MGAT3","node_id_0",9.517999649047852,-0.4016999900341034
"MGAT4B","node_id_1",11.131600379943848,0.4129999876022339
"MGAT5","node_id_2",7.439700126647949,0.39750000834465027
"MGAT5B","node_id_3",2.836400032043457,-0.35580000281333923
