"label","id","mRNA","methy"
"MGAT3","node_id_0",10.878999710083008,-0.30959999561309814
"MGAT4B","node_id_1",11.09000015258789,0.3862999975681305
"MGAT5","node_id_2",9.380200386047363,0.3230000138282776
"MGAT5B","node_id_3",4.758500099182129,-0.37459999322891235
