"label","id","mRNA","methy"
"MGAT3","node_id_0",6.936800003051758,0.33239999413490295
"MGAT4B","node_id_1",12.409299850463867,0.29589998722076416
"MGAT5","node_id_2",7.003300189971924,0.4449999928474426
"MGAT5B","node_id_3",5.088099956512451,-0.38600000739097595
