"label","id","mRNA","methy"
"MGAT3","node_id_0",9.665900230407715,-0.13199999928474426
"MGAT4B","node_id_1",11.874099731445312,0.3612000048160553
"MGAT5","node_id_2",7.780600070953369,0.2639000117778778
"MGAT5B","node_id_3",2.3160998821258545,-0.3937999904155731
