"label","id","mRNA","methy"
"MGAT3","node_id_0",6.546500205993652,0.11169999837875366
"MGAT4B","node_id_1",11.90470027923584,0.3490999937057495
"MGAT5","node_id_2",7.487299919128418,0.3167000114917755
"MGAT5B","node_id_3",2.8157999515533447,-0.16930000483989716
