"label","id","mRNA","methy"
"MGAT3","node_id_0",7.0346999168396,0.11330000311136246
"MGAT4B","node_id_1",11.926300048828125,0.3781000077724457
"MGAT5","node_id_2",8.121299743652344,0.39559999108314514
"MGAT5B","node_id_3",2.9586000442504883,-0.0364999994635582
