"label","id","mRNA","methy"
"MGAT3","node_id_0",9.474200248718262,0.3336000144481659
"MGAT4B","node_id_1",10.782899856567383,0.3962000012397766
"MGAT5","node_id_2",8.526300430297852,0.4343999922275543
"MGAT5B","node_id_3",1.8335000276565552,-0.2531999945640564
