"label","id","mRNA","methy"
"MGAT3","node_id_0",8.660900115966797,-0.47679999470710754
"MGAT4B","node_id_1",11.982399940490723,0.1615000069141388
"MGAT5","node_id_2",9.339500427246094,0.19830000400543213
"MGAT5B","node_id_3",1.867300033569336,-0.31380000710487366
