"label","id","mRNA","methy"
"MGAT3","node_id_0",10.859999656677246,-0.2257000058889389
"MGAT4B","node_id_1",10.987899780273438,0.39079999923706055
"MGAT5","node_id_2",8.53909969329834,0.3659999966621399
"MGAT5B","node_id_3",5.515500068664551,-0.3569999933242798
