"label","id","mRNA","methy"
"MGAT3","node_id_0",3.728600025177002,0.4681999981403351
"MGAT4B","node_id_1",12.21720027923584,0.414000004529953
"MGAT5","node_id_2",6.673999786376953,0.45080000162124634
"MGAT5B","node_id_3",4.488500118255615,-0.2393999993801117
