"label","id","mRNA","methy"
"MGAT3","node_id_0",8.740599632263184,-0.2890999913215637
"MGAT4B","node_id_1",11.240300178527832,0.4147999882698059
"MGAT5","node_id_2",8.941699981689453,0.17479999363422394
"MGAT5B","node_id_3",3.949899911880493,-0.4088999927043915
