"label","id","mRNA","methy"
"MGAT3","node_id_0",7.2540998458862305,0.19869999587535858
"MGAT4B","node_id_1",12.773200035095215,-0.15389999747276306
"MGAT5","node_id_2",8.878399848937988,0.23829999566078186
"MGAT5B","node_id_3",2.9112000465393066,-0.36419999599456787
