"label","id","mRNA","methy"
"MGAT3","node_id_0",9.117799758911133,-0.3580999970436096
"MGAT4B","node_id_1",10.852100372314453,0.3199000060558319
"MGAT5","node_id_2",4.682300090789795,0.31790000200271606
"MGAT5B","node_id_3",3.9340999126434326,-0.38929998874664307
