"label","id","mRNA","methy"
"MGAT3","node_id_0",7.814499855041504,-0.18979999423027039
"MGAT4B","node_id_1",12.231300354003906,0.3937000036239624
"MGAT5","node_id_2",8.904500007629395,0.4528999924659729
"MGAT5B","node_id_3",1.7254999876022339,-0.4172999858856201
