"label","id","mRNA","methy"
"MGAT3","node_id_0",7.447800159454346,0.19280000030994415
"MGAT4B","node_id_1",11.423700332641602,0.4230000078678131
"MGAT5","node_id_2",7.527200222015381,0.2840000092983246
"MGAT5B","node_id_3",6.139900207519531,-0.17110000550746918
