"label","id","mRNA","methy"
"MGAT3","node_id_0",6.811800003051758,0.2004999965429306
"MGAT4B","node_id_1",10.430299758911133,0.39430001378059387
"MGAT5","node_id_2",8.639399528503418,0.4212999939918518
"MGAT5B","node_id_3",1.9263999462127686,-0.3359000086784363
