"label","id","mRNA","methy"
"MGAT3","node_id_0",6.938899993896484,0.10610000044107437
"MGAT4B","node_id_1",10.723899841308594,0.3504999876022339
"MGAT5","node_id_2",8.683600425720215,0.31839999556541443
"MGAT5B","node_id_3",4.350500106811523,-0.22280000150203705
