"label","id","mRNA","methy"
"MGAT3","node_id_0",6.6219000816345215,0.25440001487731934
"MGAT4B","node_id_1",10.791000366210938,0.3912999927997589
"MGAT5","node_id_2",7.769400119781494,0.33399999141693115
"MGAT5B","node_id_3",2.7985999584198,-0.3779999911785126
