"label","id","mRNA","methy"
"MGAT3","node_id_0",8.808600425720215,-0.17159999907016754
"MGAT4B","node_id_1",10.925200462341309,0.37299999594688416
"MGAT5","node_id_2",7.319499969482422,0.35429999232292175
"MGAT5B","node_id_3",3.1749000549316406,-0.32010000944137573
