"label","id","mRNA","methy"
"MGAT3","node_id_0",7.788700103759766,-0.2867000102996826
"MGAT4B","node_id_1",11.663800239562988,0.3702000081539154
"MGAT5","node_id_2",7.654300212860107,0.11869999766349792
"MGAT5B","node_id_3",4.983500003814697,-0.41110000014305115
