"label","id","mRNA","methy"
"MGAT3","node_id_0",11.3996000289917,-0.08720000088214874
"MGAT4B","node_id_1",12.776300430297852,0.39089998602867126
"MGAT5","node_id_2",6.138800144195557,0.4223000109195709
"MGAT5B","node_id_3",0.9944000244140625,-0.30790001153945923
