"label","id","mRNA","methy"
"MGAT3","node_id_0",8.757699966430664,0.2806999981403351
"MGAT4B","node_id_1",11.140600204467773,0.3815999925136566
"MGAT5","node_id_2",8.636799812316895,0.33809998631477356
"MGAT5B","node_id_3",3.5534000396728516,-0.2168000042438507
