"label","id","mRNA","methy"
"MGAT3","node_id_0",10.150400161743164,-0.11739999800920486
"MGAT4B","node_id_1",11.559700012207031,0.3646000027656555
"MGAT5","node_id_2",4.643199920654297,0.3538999855518341
"MGAT5B","node_id_3",4.3267998695373535,-0.13760000467300415
