"label","id","mRNA","methy"
"MGAT3","node_id_0",8.722000122070312,-0.09849999845027924
"MGAT4B","node_id_1",10.766900062561035,0.37709999084472656
"MGAT5","node_id_2",8.775799751281738,0.4083000123500824
"MGAT5B","node_id_3",3.417799949645996,-0.38440001010894775
