"label","id","mRNA","methy"
"MGAT3","node_id_0",10.920900344848633,-0.27129998803138733
"MGAT4B","node_id_1",11.919699668884277,0.3799000084400177
"MGAT5","node_id_2",8.604700088500977,0.30399999022483826
"MGAT5B","node_id_3",2.573499917984009,0.07209999859333038
