"label","id","mRNA","methy"
"MGAT3","node_id_0",5.7144999504089355,0.2578999996185303
"MGAT4B","node_id_1",9.4443998336792,0.4417000114917755
"MGAT5","node_id_2",6.232900142669678,0.3246000111103058
"MGAT5B","node_id_3",2.2411000728607178,-0.41290000081062317
