"label","id","mRNA","methy"
"MGAT3","node_id_0",9.231599807739258,-0.19820000231266022
"MGAT4B","node_id_1",8.002699851989746,0.4142000079154968
"MGAT5","node_id_2",7.063300132751465,0.3831999897956848
"MGAT5B","node_id_3",2.8919999599456787,-0.1137000024318695
