"label","id","mRNA","methy"
"MGAT3","node_id_0",6.297999858856201,0.2152000069618225
"MGAT4B","node_id_1",11.268600463867188,0.44690001010894775
"MGAT5","node_id_2",7.8053998947143555,0.26910001039505005
"MGAT5B","node_id_3",2.513000011444092,-0.3111000061035156
