"label","id","mRNA","methy"
"MGAT3","node_id_0",8.745400428771973,-0.2556000053882599
"MGAT4B","node_id_1",11.411700248718262,0.4138000011444092
"MGAT5","node_id_2",3.824399948120117,0.4359999895095825
"MGAT5B","node_id_3",4.428899765014648,-0.1316000074148178
