"label","id","mRNA","methy"
"MGAT3","node_id_0",6.860499858856201,-0.45829999446868896
"MGAT4B","node_id_1",11.455599784851074,0.14800000190734863
"MGAT5","node_id_2",9.581600189208984,0.16840000450611115
"MGAT5B","node_id_3",4.179599761962891,-0.32420000433921814
