"label","id","mRNA","methy"
"MGAT3","node_id_0",5.7846999168396,-0.4794999957084656
"MGAT4B","node_id_1",12.775300025939941,-0.009200000204145908
"MGAT5","node_id_2",5.719900131225586,0.14569999277591705
"MGAT5B","node_id_3",5.238800048828125,-0.37380000948905945
