"label","id","mRNA","methy"
"MGAT3","node_id_0",9.227899551391602,-0.08550000190734863
"MGAT4B","node_id_1",11.478099822998047,0.37630000710487366
"MGAT5","node_id_2",8.424400329589844,0.39329999685287476
"MGAT5B","node_id_3",1.9495999813079834,-0.3357999920845032
