"label","id","mRNA","methy"
"MGAT3","node_id_0",10.998700141906738,-0.3310000002384186
"MGAT4B","node_id_1",11.932299613952637,0.3596999943256378
"MGAT5","node_id_2",8.73169994354248,0.3181000053882599
"MGAT5B","node_id_3",3.716099977493286,-0.323199987411499
