"label","id","mRNA","methy"
"MGAT3","node_id_0",8.763699531555176,-0.3788999915122986
"MGAT4B","node_id_1",10.860600471496582,0.3930000066757202
"MGAT5","node_id_2",9.30620002746582,0.17339999973773956
"MGAT5B","node_id_3",4.887800216674805,-0.3684999942779541
