"label","id","mRNA","methy"
"MGAT3","node_id_0",7.780099868774414,-0.26030001044273376
"MGAT4B","node_id_1",11.223199844360352,0.3698999881744385
"MGAT5","node_id_2",9.144599914550781,0.2870999872684479
"MGAT5B","node_id_3",4.775700092315674,-0.397599995136261
