"label","id","mRNA","methy"
"MGAT3","node_id_0",9.596799850463867,-0.0966000035405159
"MGAT4B","node_id_1",11.654000282287598,0.34860000014305115
"MGAT5","node_id_2",7.691100120544434,0.383899986743927
"MGAT5B","node_id_3",3.1923000812530518,-0.20389999449253082
