"label","id","mRNA","methy"
"MGAT3","node_id_0",8.078499794006348,0.2524000108242035
"MGAT4B","node_id_1",11.202099800109863,0.3935999870300293
"MGAT5","node_id_2",8.367899894714355,0.28630000352859497
"MGAT5B","node_id_3",4.81279993057251,-0.29429998993873596
