"label","id","mRNA","methy"
"MGAT3","node_id_0",9.740300178527832,-0.1907999962568283
"MGAT4B","node_id_1",10.667499542236328,0.40799999237060547
"MGAT5","node_id_2",9.23840045928955,0.18000000715255737
"MGAT5B","node_id_3",3.1958999633789062,-0.38940000534057617
