"label","id","mRNA","methy"
"MGAT3","node_id_0",8.207500457763672,-0.36800000071525574
"MGAT4B","node_id_1",11.153800010681152,0.4147999882698059
"MGAT5","node_id_2",7.9028000831604,0.38269999623298645
"MGAT5B","node_id_3",3.6240999698638916,-0.3659000098705292
