"label","id","mRNA","methy"
"MGAT3","node_id_0",7.874800205230713,0.26660001277923584
"MGAT4B","node_id_1",10.996299743652344,0.36340001225471497
"MGAT5","node_id_2",3.944200038909912,0.2888000011444092
"MGAT5B","node_id_3",4.96150016784668,-0.39739999175071716
