"label","id","mRNA","methy"
"MGAT3","node_id_0",10.11299991607666,-0.06159999966621399
"MGAT4B","node_id_1",11.654000282287598,0.38960000872612
"MGAT5","node_id_2",6.597700119018555,0.39730000495910645
"MGAT5B","node_id_3",3.216399908065796,-0.4074999988079071
