"label","id","mRNA","methy"
"MGAT3","node_id_0",8.183099746704102,-0.030400000512599945
"MGAT4B","node_id_1",12.37909984588623,0.3589000105857849
"MGAT5","node_id_2",6.813899993896484,0.3479999899864197
"MGAT5B","node_id_3",3.673099994659424,-0.3034000098705292
