"label","id","mRNA","methy"
"MGAT3","node_id_0",9.741399765014648,-0.20360000431537628
"MGAT4B","node_id_1",11.333399772644043,0.4000999927520752
"MGAT5","node_id_2",7.961599826812744,0.3264999985694885
"MGAT5B","node_id_3",3.351799964904785,-0.3490000069141388
