"label","id","mRNA","methy"
"MGAT3","node_id_0",7.526100158691406,-0.4124999940395355
"MGAT4B","node_id_1",11.114899635314941,0.37779998779296875
"MGAT5","node_id_2",8.317299842834473,0.41679999232292175
"MGAT5B","node_id_3",3.2869999408721924,-0.36230000853538513
