"label","id","mRNA","methy"
"MGAT3","node_id_0",3.974400043487549,-0.45910000801086426
"MGAT4B","node_id_1",11.840200424194336,0.41780000925064087
"MGAT5","node_id_2",6.718200206756592,0.42239999771118164
"MGAT5B","node_id_3",0.8805000185966492,-0.3531999886035919
