"label","id","mRNA","methy"
"MGAT3","node_id_0",8.916899681091309,-0.3140999972820282
"MGAT4B","node_id_1",10.775699615478516,0.40299999713897705
"MGAT5","node_id_2",8.785799980163574,0.34060001373291016
"MGAT5B","node_id_3",3.6256000995635986,-0.08020000159740448
