"label","id","mRNA","methy"
"MGAT3","node_id_0",4.94320011138916,0.3133000135421753
"MGAT4B","node_id_1",10.474100112915039,0.43220001459121704
"MGAT5","node_id_2",6.743599891662598,0.29260000586509705
"MGAT5B","node_id_3",2.990000009536743,-0.10339999943971634
