"label","id","mRNA","methy"
"MGAT3","node_id_0",9.087900161743164,-0.4713999927043915
"MGAT4B","node_id_1",11.2923002243042,0.08309999853372574
"MGAT5","node_id_2",8.952199935913086,0.00019999999494757503
"MGAT5B","node_id_3",2.2388999462127686,-0.2709999978542328
