"label","id","mRNA","methy"
"MGAT3","node_id_0",7.643400192260742,-0.4406999945640564
"MGAT4B","node_id_1",11.432100296020508,0.01510000042617321
"MGAT5","node_id_2",7.339099884033203,0.08730000257492065
"MGAT5B","node_id_3",3.834199905395508,-0.32330000400543213
