"label","id","mRNA","methy"
"MGAT3","node_id_0",8.8725004196167,-0.43790000677108765
"MGAT4B","node_id_1",10.455400466918945,0.3995000123977661
"MGAT5","node_id_2",8.654899597167969,0.3066999912261963
"MGAT5B","node_id_3",5.19920015335083,-0.3515999913215637
