"label","id","mRNA","methy"
"MGAT3","node_id_0",10.93589973449707,-0.44029998779296875
"MGAT4B","node_id_1",11.118399620056152,0.39480000734329224
"MGAT5","node_id_2",8.61989974975586,0.3538999855518341
"MGAT5B","node_id_3",4.731599807739258,-0.3529999852180481
