"label","id","mRNA","methy"
"MGAT3","node_id_0",6.832900047302246,0.22200000286102295
"MGAT4B","node_id_1",10.400300025939941,0.414900004863739
"MGAT5","node_id_2",6.5584001541137695,0.23739999532699585
"MGAT5B","node_id_3",4.526599884033203,-0.32989999651908875
