"label","id","mRNA","methy"
"MGAT3","node_id_0",5.87470006942749,0.17299999296665192
"MGAT4B","node_id_1",10.637499809265137,0.4138000011444092
"MGAT5","node_id_2",1.5631999969482422,0.320499986410141
"MGAT5B","node_id_3",3.5548999309539795,-0.3549000024795532
