"label","id","mRNA","methy"
"MGAT3","node_id_0",6.410299777984619,0.00860000029206276
"MGAT4B","node_id_1",12.415200233459473,0.376800000667572
"MGAT5","node_id_2",4.6691999435424805,0.4535999894142151
"MGAT5B","node_id_3",5.226900100708008,-0.3188999891281128
