"label","id","mRNA","methy"
"MGAT3","node_id_0",6.6493000984191895,0.2502000033855438
"MGAT4B","node_id_1",10.69629955291748,0.4426000118255615
"MGAT5","node_id_2",5.8003997802734375,0.37290000915527344
"MGAT5B","node_id_3",2.9488000869750977,-0.06719999760389328
