"label","id","mRNA","methy"
"MGAT3","node_id_0",9.534199714660645,0.4528999924659729
"MGAT4B","node_id_1",13.070599555969238,0.4212999939918518
"MGAT5","node_id_2",3.6805999279022217,0.429500013589859
"MGAT5B","node_id_3",1.4601999521255493,0.0957999974489212
