"label","id","mRNA","methy"
"MGAT3","node_id_0",7.337299823760986,-0.3986000120639801
"MGAT4B","node_id_1",10.900699615478516,-0.08240000158548355
"MGAT5","node_id_2",8.718099594116211,0.2847999930381775
"MGAT5B","node_id_3",1.93340003490448,-0.3353999853134155
