"label","id","mRNA","methy"
"MGAT3","node_id_0",11.303600311279297,-0.31290000677108765
"MGAT4B","node_id_1",11.101200103759766,0.42250001430511475
"MGAT5","node_id_2",7.697299957275391,0.420199990272522
"MGAT5B","node_id_3",3.0908000469207764,-0.38040000200271606
