"label","id","mRNA","methy"
"MGAT3","node_id_0",6.311100006103516,0.20890000462532043
"MGAT4B","node_id_1",11.596699714660645,-0.20440000295639038
"MGAT5","node_id_2",10.429800033569336,-0.17669999599456787
"MGAT5B","node_id_3",7.7342000007629395,-0.454800009727478
