"label","id","mRNA","methy"
"MGAT3","node_id_0",9.59850025177002,-0.19670000672340393
"MGAT4B","node_id_1",11.01609992980957,0.37059998512268066
"MGAT5","node_id_2",8.662199974060059,0.2992999851703644
"MGAT5B","node_id_3",4.472300052642822,-0.3856000006198883
