"label","id","mRNA","methy"
"MGAT3","node_id_0",8.306900024414062,0.09269999712705612
"MGAT4B","node_id_1",9.649399757385254,0.46380001306533813
"MGAT5","node_id_2",8.018600463867188,0.164900004863739
"MGAT5B","node_id_3",3.468600034713745,-0.3111000061035156
