"label","id","mRNA","methy"
"MGAT3","node_id_0",8.853599548339844,-0.04809999838471413
"MGAT4B","node_id_1",11.478699684143066,0.39500001072883606
"MGAT5","node_id_2",8.164400100708008,0.3864000141620636
"MGAT5B","node_id_3",2.1582000255584717,-0.20430000126361847
