"label","id","mRNA","methy"
"MGAT3","node_id_0",6.9604997634887695,0.16949999332427979
"MGAT4B","node_id_1",10.785300254821777,0.38839998841285706
"MGAT5","node_id_2",8.370400428771973,0.2766999900341034
"MGAT5B","node_id_3",4.146900177001953,-0.3935000002384186
