"label","id","mRNA","methy"
"MGAT3","node_id_0",8.127900123596191,0.15870000422000885
"MGAT4B","node_id_1",10.948800086975098,0.2612999975681305
"MGAT5","node_id_2",6.301799774169922,0.37720000743865967
"MGAT5B","node_id_3",3.7799999713897705,-0.29330000281333923
