"label","id","mRNA","methy"
"MGAT3","node_id_0",9.433899879455566,-0.4426000118255615
"MGAT4B","node_id_1",11.133899688720703,0.4020000100135803
"MGAT5","node_id_2",7.7307000160217285,0.3783000111579895
"MGAT5B","node_id_3",3.864799976348877,-0.438400000333786
