"label","id","mRNA","methy"
"MGAT3","node_id_0",6.0447998046875,0.21490000188350677
"MGAT4B","node_id_1",10.9576997756958,0.31690001487731934
"MGAT5","node_id_2",7.336999893188477,0.29280000925064087
"MGAT5B","node_id_3",2.6744000911712646,-0.1875
