"label","id","mRNA","methy"
"MGAT3","node_id_0",8.449399948120117,-0.028599999845027924
"MGAT4B","node_id_1",11.016400337219238,0.39910000562667847
"MGAT5","node_id_2",9.046500205993652,0.2922999858856201
"MGAT5B","node_id_3",4.1585001945495605,-0.3553999960422516
