"label","id","mRNA","methy"
"MGAT3","node_id_0",6.881800174713135,-0.4767000079154968
"MGAT4B","node_id_1",11.271200180053711,-0.04529999941587448
"MGAT5","node_id_2",8.78279972076416,0.23190000653266907
"MGAT5B","node_id_3",4.037300109863281,-0.29269999265670776
