"label","id","mRNA","methy"
"MGAT3","node_id_0",6.196000099182129,0.017500000074505806
"MGAT4B","node_id_1",12.114700317382812,0.3785000145435333
"MGAT5","node_id_2",8.076600074768066,0.41130000352859497
"MGAT5B","node_id_3",3.066699981689453,-0.31360000371932983
