"label","id","mRNA","methy"
"MGAT3","node_id_0",4.61929988861084,0.4415000081062317
"MGAT4B","node_id_1",10.234800338745117,0.4422000050544739
"MGAT5","node_id_2",5.46120023727417,-0.026399999856948853
"MGAT5B","node_id_3",6.686500072479248,-0.4068000018596649
