"label","id","mRNA","methy"
"MGAT3","node_id_0",10.970399856567383,-0.1876000016927719
"MGAT4B","node_id_1",11.827899932861328,0.43070000410079956
"MGAT5","node_id_2",6.837299823760986,0.421999990940094
"MGAT5B","node_id_3",4.460700035095215,-0.044599998742341995
