"label","id","mRNA","methy"
"MGAT3","node_id_0",5.788099765777588,0.18970000743865967
"MGAT4B","node_id_1",11.224499702453613,0.4221999943256378
"MGAT5","node_id_2",8.08899974822998,0.36730000376701355
"MGAT5B","node_id_3",5.8495001792907715,-0.3666999936103821
