"label","id","mRNA","methy"
"MGAT3","node_id_0",8.362500190734863,-0.04439999908208847
"MGAT4B","node_id_1",12.130200386047363,0.39259999990463257
"MGAT5","node_id_2",8.81029987335205,0.3301999866962433
"MGAT5B","node_id_3",2.634200096130371,-0.26829999685287476
