"label","id","mRNA","methy"
"MGAT3","node_id_0",9.524100303649902,-0.22939999401569366
"MGAT4B","node_id_1",11.946200370788574,0.3407000005245209
"MGAT5","node_id_2",6.497200012207031,0.39070001244544983
"MGAT5B","node_id_3",2.6672000885009766,-0.41440001130104065
