"label","id","mRNA","methy"
"MGAT3","node_id_0",8.428400039672852,0.1696999967098236
"MGAT4B","node_id_1",10.755399703979492,0.39089998602867126
"MGAT5","node_id_2",6.211699962615967,0.2939000129699707
"MGAT5B","node_id_3",4.141600131988525,-0.21050000190734863
