"label","id","mRNA","methy"
"MGAT3","node_id_0",7.706099987030029,-0.31779998540878296
"MGAT4B","node_id_1",11.05620002746582,0.35190001130104065
"MGAT5","node_id_2",7.833399772644043,-0.2502000033855438
"MGAT5B","node_id_3",5.429599761962891,-0.42890000343322754
