"label","id","mRNA","methy"
"MGAT3","node_id_0",7.113999843597412,-0.43389999866485596
"MGAT4B","node_id_1",11.58590030670166,-0.07590000331401825
"MGAT5","node_id_2",8.503700256347656,-0.26080000400543213
"MGAT5B","node_id_3",3.9893999099731445,-0.006500000134110451
