"label","id","mRNA","methy"
"MGAT3","node_id_0",3.1986000537872314,0.34139999747276306
"MGAT4B","node_id_1",10.388199806213379,0.42179998755455017
"MGAT5","node_id_2",7.968699932098389,0.11800000071525574
"MGAT5B","node_id_3",5.759500026702881,-0.32249999046325684
