"label","id","mRNA","methy"
"MGAT3","node_id_0",10.484999656677246,-0.19550000131130219
"MGAT4B","node_id_1",12.00160026550293,0.398499995470047
"MGAT5","node_id_2",4.547100067138672,0.3743000030517578
"MGAT5B","node_id_3",2.578399896621704,-0.35359999537467957
