"label","id","mRNA","methy"
"MGAT3","node_id_0",8.437600135803223,0.03779999911785126
"MGAT4B","node_id_1",11.209099769592285,0.3912999927997589
"MGAT5","node_id_2",8.603699684143066,0.24310000240802765
"MGAT5B","node_id_3",3.8852999210357666,-0.4032000005245209
