"label","id","mRNA","methy"
"MGAT3","node_id_0",8.22439956665039,0.08370000123977661
"MGAT4B","node_id_1",11.222800254821777,0.09049999713897705
"MGAT5","node_id_2",7.214700222015381,0.28690001368522644
"MGAT5B","node_id_3",3.918600082397461,-0.359499990940094
