"label","id","mRNA","methy"
"MGAT3","node_id_0",6.301400184631348,0.023900000378489494
"MGAT4B","node_id_1",11.288000106811523,0.3668000102043152
"MGAT5","node_id_2",7.347099781036377,0.44110000133514404
"MGAT5B","node_id_3",2.4377999305725098,-0.3887999951839447
