"label","id","mRNA","methy"
"MGAT3","node_id_0",6.581699848175049,-0.43810001015663147
"MGAT4B","node_id_1",10.878499984741211,0.1599999964237213
"MGAT5","node_id_2",7.168499946594238,0.15549999475479126
"MGAT5B","node_id_3",3.978800058364868,-0.24549999833106995
