"label","id","mRNA","methy"
"MGAT3","node_id_0",10.515600204467773,-0.4072999954223633
"MGAT4B","node_id_1",11.433199882507324,0.40400001406669617
"MGAT5","node_id_2",4.7754998207092285,0.3589000105857849
"MGAT5B","node_id_3",3.222399950027466,-0.38339999318122864
