"label","id","mRNA","methy"
"MGAT3","node_id_0",8.79259967803955,-9.999999747378752e-05
"MGAT4B","node_id_1",11.214200019836426,0.43369999527931213
"MGAT5","node_id_2",8.552599906921387,0.4083000123500824
"MGAT5B","node_id_3",2.615799903869629,-0.38179999589920044
