"label","id","mRNA","methy"
"MGAT3","node_id_0",10.902999877929688,0.09880000352859497
"MGAT4B","node_id_1",11.908300399780273,0.4174000024795532
"MGAT5","node_id_2",5.969699859619141,0.4431000053882599
"MGAT5B","node_id_3",0.7339000105857849,-0.14569999277591705
