"label","id","mRNA","methy"
"MGAT3","node_id_0",8.85319995880127,-0.3174999952316284
"MGAT4B","node_id_1",11.67870044708252,0.3995000123977661
"MGAT5","node_id_2",7.823999881744385,0.4000999927520752
"MGAT5B","node_id_3",5.54580020904541,-0.43369999527931213
