"label","id","mRNA","methy"
"MGAT3","node_id_0",7.936299800872803,-0.1534000039100647
"MGAT4B","node_id_1",11.210200309753418,0.4300999939441681
"MGAT5","node_id_2",8.785599708557129,0.32190001010894775
"MGAT5B","node_id_3",4.167799949645996,-0.32170000672340393
