"label","id","mRNA","methy"
"MGAT3","node_id_0",5.615600109100342,0.26440000534057617
"MGAT4B","node_id_1",10.501399993896484,0.4092000126838684
"MGAT5","node_id_2",7.112400054931641,0.3718999922275543
"MGAT5B","node_id_3",5.031199932098389,-0.29249998927116394
