"label","id","mRNA","methy"
"MGAT3","node_id_0",6.429800033569336,-0.459199994802475
"MGAT4B","node_id_1",11.414400100708008,-0.14030000567436218
"MGAT5","node_id_2",7.143599987030029,0.22139999270439148
"MGAT5B","node_id_3",2.549999952316284,-0.2362000048160553
