"label","id","mRNA","methy"
"MGAT3","node_id_0",7.040299892425537,0.26159998774528503
"MGAT4B","node_id_1",10.886699676513672,0.3788999915122986
"MGAT5","node_id_2",8.818900108337402,0.3224000036716461
"MGAT5B","node_id_3",7.060699939727783,-0.41850000619888306
