"label","id","mRNA","methy"
"MGAT3","node_id_0",8.644200325012207,0.04050000011920929
"MGAT4B","node_id_1",10.724499702453613,0.40049999952316284
"MGAT5","node_id_2",7.146200180053711,0.382999986410141
"MGAT5B","node_id_3",4.085999965667725,-0.37290000915527344
