"label","id","mRNA","methy"
"MGAT3","node_id_0",5.819799900054932,-0.46140000224113464
"MGAT4B","node_id_1",11.158300399780273,-0.03240000084042549
"MGAT5","node_id_2",6.075799942016602,0.10610000044107437
"MGAT5B","node_id_3",2.623199939727783,-0.11249999701976776
