"label","id","mRNA","methy"
"MGAT3","node_id_0",5.9506001472473145,0.24809999763965607
"MGAT4B","node_id_1",10.785499572753906,0.44769999384880066
"MGAT5","node_id_2",6.983699798583984,0.35019999742507935
"MGAT5B","node_id_3",5.594699859619141,-0.10580000281333923
