"label","id","mRNA","methy"
"MGAT3","node_id_0",9.468000411987305,0.09619999676942825
"MGAT4B","node_id_1",11.341899871826172,0.4050999879837036
"MGAT5","node_id_2",8.946999549865723,0.4104999899864197
"MGAT5B","node_id_3",3.92549991607666,-0.3441999852657318
