"label","id","mRNA","methy"
"MGAT3","node_id_0",9.318599700927734,-0.0010000000474974513
"MGAT4B","node_id_1",11.255499839782715,0.39640000462532043
"MGAT5","node_id_2",8.579299926757812,0.38339999318122864
"MGAT5B","node_id_3",2.904599905014038,-0.31299999356269836
