"label","id","mRNA","methy"
"MGAT3","node_id_0",5.744699954986572,0.2605000138282776
"MGAT4B","node_id_1",10.6899995803833,0.43479999899864197
"MGAT5","node_id_2",8.727999687194824,0.3467999994754791
"MGAT5B","node_id_3",3.691699981689453,-0.33649998903274536
