"label","id","mRNA","methy"
"MGAT3","node_id_0",10.929200172424316,-0.2425999939441681
"MGAT4B","node_id_1",11.885000228881836,0.37450000643730164
"MGAT5","node_id_2",7.792300224304199,0.3467000126838684
"MGAT5B","node_id_3",3.931999921798706,-0.4449999928474426
