"label","id","mRNA","methy"
"MGAT3","node_id_0",5.898799896240234,0.22020000219345093
"MGAT4B","node_id_1",10.98270034790039,0.4309999942779541
"MGAT5","node_id_2",8.282899856567383,0.2662999927997589
"MGAT5B","node_id_3",3.2590999603271484,-0.2766000032424927
