"label","id","mRNA","methy"
"MGAT3","node_id_0",8.883500099182129,-0.013000000268220901
"MGAT4B","node_id_1",11.002799987792969,0.40779998898506165
"MGAT5","node_id_2",5.519199848175049,0.41179999709129333
"MGAT5B","node_id_3",4.258999824523926,-0.35679998993873596
