"label","id","mRNA","methy"
"MGAT3","node_id_0",6.509200096130371,0.2168000042438507
"MGAT4B","node_id_1",10.632200241088867,0.4050999879837036
"MGAT5","node_id_2",8.588000297546387,0.2320999950170517
"MGAT5B","node_id_3",4.065899848937988,-0.41940000653266907
