"label","id","mRNA","methy"
"MGAT3","node_id_0",8.847700119018555,0.125900000333786
"MGAT4B","node_id_1",11.794400215148926,-0.021199999377131462
"MGAT5","node_id_2",9.211999893188477,0.26739999651908875
"MGAT5B","node_id_3",5.461400032043457,0.08389999717473984
