"label","id","mRNA","methy"
"MGAT3","node_id_0",10.750300407409668,-0.43299999833106995
"MGAT4B","node_id_1",10.7701997756958,0.3634999990463257
"MGAT5","node_id_2",4.523499965667725,0.30140000581741333
"MGAT5B","node_id_3",2.9844000339508057,-0.3944999873638153
