"label","id","mRNA","methy"
"MGAT3","node_id_0",8.075599670410156,-0.37860000133514404
"MGAT4B","node_id_1",11.050200462341309,0.38830000162124634
"MGAT5","node_id_2",8.523599624633789,0.258899986743927
"MGAT5B","node_id_3",3.3617000579833984,-0.38040000200271606
