"label","id","mRNA","methy"
"MGAT3","node_id_0",9.029500007629395,0.3206999897956848
"MGAT4B","node_id_1",10.916600227355957,0.41370001435279846
"MGAT5","node_id_2",9.032299995422363,0.4043000042438507
"MGAT5B","node_id_3",4.085899829864502,-0.3237000107765198
