"label","id","mRNA","methy"
"MGAT3","node_id_0",7.971499919891357,-0.2718000113964081
"MGAT4B","node_id_1",11.255800247192383,0.4311000108718872
"MGAT5","node_id_2",8.632399559020996,0.3953999876976013
"MGAT5B","node_id_3",2.662100076675415,-0.2732999920845032
