"label","id","mRNA","methy"
"MGAT3","node_id_0",8.351499557495117,-0.2621000111103058
"MGAT4B","node_id_1",11.128399848937988,0.3734000027179718
"MGAT5","node_id_2",6.748600006103516,0.36079999804496765
"MGAT5B","node_id_3",3.1763999462127686,-0.08940000087022781
