"label","id","mRNA","methy"
"MGAT3","node_id_0",6.688199996948242,0.19359999895095825
"MGAT4B","node_id_1",11.510199546813965,0.2498999983072281
"MGAT5","node_id_2",7.829800128936768,0.24869999289512634
"MGAT5B","node_id_3",3.962399959564209,-0.4023999869823456
