"label","id","mRNA","methy"
"MGAT3","node_id_0",10.585200309753418,0.1776999980211258
"MGAT4B","node_id_1",11.430500030517578,0.40459999442100525
"MGAT5","node_id_2",8.951899528503418,0.4413999915122986
"MGAT5B","node_id_3",3.871799945831299,-0.04560000076889992
