"label","id","mRNA","methy"
"MGAT3","node_id_0",9.093400001525879,-0.34470000863075256
"MGAT4B","node_id_1",11.49120044708252,0.38519999384880066
"MGAT5","node_id_2",8.0423002243042,0.37130001187324524
"MGAT5B","node_id_3",2.0971999168395996,-0.12269999831914902
