"label","id","mRNA","methy"
"MGAT3","node_id_0",5.951200008392334,0.22540000081062317
"MGAT4B","node_id_1",10.023599624633789,0.4203000068664551
"MGAT5","node_id_2",9.160499572753906,0.3294999897480011
"MGAT5B","node_id_3",6.001800060272217,-0.3172000050544739
