"label","id","mRNA","methy"
"MGAT3","node_id_0",8.545100212097168,0.34709998965263367
"MGAT4B","node_id_1",11.339599609375,0.33239999413490295
"MGAT5","node_id_2",4.909900188446045,0.37040001153945923
"MGAT5B","node_id_3",3.8287999629974365,-0.33009999990463257
