"label","id","mRNA","methy"
"MGAT3","node_id_0",9.26990032196045,-0.41200000047683716
"MGAT4B","node_id_1",10.917400360107422,0.3928999900817871
"MGAT5","node_id_2",8.794899940490723,0.2858999967575073
"MGAT5B","node_id_3",4.003799915313721,-0.43290001153945923
