"label","id","mRNA","methy"
"MGAT3","node_id_0",8.098099708557129,0.2184000015258789
"MGAT4B","node_id_1",11.480799674987793,0.3901999890804291
"MGAT5","node_id_2",5.593999862670898,0.428600013256073
"MGAT5B","node_id_3",3.4960999488830566,-0.2337000072002411
