"label","id","mRNA","methy"
"MGAT3","node_id_0",10.448800086975098,-0.31130000948905945
"MGAT4B","node_id_1",11.232999801635742,0.4018999934196472
"MGAT5","node_id_2",6.3572998046875,0.4101000130176544
"MGAT5B","node_id_3",3.9779000282287598,-0.15060000121593475
