"label","id","mRNA","methy"
"MGAT3","node_id_0",9.728899955749512,0.09040000289678574
"MGAT4B","node_id_1",13.487000465393066,0.3513000011444092
"MGAT5","node_id_2",5.296999931335449,0.40619999170303345
"MGAT5B","node_id_3",2.1054000854492188,-0.05889999866485596
