"label","id","mRNA","methy"
"MGAT3","node_id_0",8.354599952697754,0.13840000331401825
"MGAT4B","node_id_1",11.302499771118164,0.4372999966144562
"MGAT5","node_id_2",7.1234002113342285,0.30300000309944153
"MGAT5B","node_id_3",1.999500036239624,-0.3619000017642975
