"label","id","mRNA","methy"
"MGAT3","node_id_0",5.531400203704834,-0.03779999911785126
"MGAT4B","node_id_1",12.052599906921387,0.3986999988555908
"MGAT5","node_id_2",8.117600440979004,0.44690001010894775
"MGAT5B","node_id_3",0.7275000214576721,-0.12139999866485596
