"label","id","mRNA","methy"
"MGAT3","node_id_0",4.5406999588012695,0.23000000417232513
"MGAT4B","node_id_1",10.74370002746582,0.4438999891281128
"MGAT5","node_id_2",4.9120001792907715,0.3440999984741211
"MGAT5B","node_id_3",4.090700149536133,-0.38830000162124634
