"label","id","mRNA","methy"
"MGAT3","node_id_0",9.31350040435791,-0.4474000036716461
"MGAT4B","node_id_1",11.843099594116211,0.4113999903202057
"MGAT5","node_id_2",8.365400314331055,0.3747999966144562
"MGAT5B","node_id_3",3.962899923324585,-0.4065000116825104
