"label","id","mRNA","methy"
"MGAT3","node_id_0",6.740699768066406,-0.21359999477863312
"MGAT4B","node_id_1",11.823399543762207,0.041999999433755875
"MGAT5","node_id_2",6.548299789428711,0.06729999929666519
"MGAT5B","node_id_3",4.857600212097168,-0.28929999470710754
