"label","id","mRNA","methy"
"MGAT3","node_id_0",6.2494001388549805,0.42899999022483826
"MGAT4B","node_id_1",12.14799976348877,0.40209999680519104
"MGAT5","node_id_2",8.151200294494629,0.43309998512268066
"MGAT5B","node_id_3",2.586199998855591,-0.36399999260902405
