"label","id","mRNA","methy"
"MGAT3","node_id_0",7.5625,0.21780000627040863
"MGAT4B","node_id_1",10.881099700927734,0.39259999990463257
"MGAT5","node_id_2",7.0121002197265625,0.2824000120162964
"MGAT5B","node_id_3",2.707200050354004,-0.3359000086784363
