"label","id","mRNA","methy"
"MGAT3","node_id_0",8.741700172424316,-0.0738999992609024
"MGAT4B","node_id_1",11.552900314331055,0.424699991941452
"MGAT5","node_id_2",9.199799537658691,0.390500009059906
"MGAT5B","node_id_3",2.5522000789642334,-0.0568000003695488
