"label","id","mRNA","methy"
"MGAT3","node_id_0",5.477499961853027,0.225600004196167
"MGAT4B","node_id_1",10.26159954071045,0.3752000033855438
"MGAT5","node_id_2",8.056099891662598,0.1776999980211258
"MGAT5B","node_id_3",5.656499862670898,-0.20589999854564667
