"label","id","mRNA","methy"
"MGAT3","node_id_0",5.784599781036377,-0.14949999749660492
"MGAT4B","node_id_1",11.323800086975098,0.061000000685453415
"MGAT5","node_id_2",7.712600231170654,0.22779999673366547
"MGAT5B","node_id_3",2.6217000484466553,-0.0035000001080334187
