"label","id","mRNA","methy"
"MGAT3","node_id_0",5.8892998695373535,0.13779999315738678
"MGAT4B","node_id_1",11.450400352478027,-0.19120000302791595
"MGAT5","node_id_2",6.278200149536133,0.09619999676942825
"MGAT5B","node_id_3",3.3747000694274902,-0.43389999866485596
