"label","id","mRNA","methy"
"MGAT3","node_id_0",7.139200210571289,-0.04639999940991402
"MGAT4B","node_id_1",12.133899688720703,0.41019999980926514
"MGAT5","node_id_2",6.895299911499023,0.39730000495910645
"MGAT5B","node_id_3",3.321000099182129,-0.17960000038146973
