"label","id","mRNA","methy"
"MGAT3","node_id_0",7.211599826812744,-0.12639999389648438
"MGAT4B","node_id_1",11.115400314331055,0.4163999855518341
"MGAT5","node_id_2",8.860400199890137,0.29350000619888306
"MGAT5B","node_id_3",3.4307000637054443,-0.31279999017715454
