"label","id","mRNA","methy"
"MGAT3","node_id_0",10.69789981842041,-0.25679999589920044
"MGAT4B","node_id_1",11.518600463867188,0.4043000042438507
"MGAT5","node_id_2",8.072199821472168,0.41600000858306885
"MGAT5B","node_id_3",2.533099889755249,-0.41780000925064087
