"label","id","mRNA","methy"
"MGAT3","node_id_0",9.144800186157227,0.031700000166893005
"MGAT4B","node_id_1",12.163800239562988,0.36550000309944153
"MGAT5","node_id_2",5.841400146484375,0.3878999948501587
"MGAT5B","node_id_3",3.6816000938415527,-0.3788999915122986
