"label","id","mRNA","methy"
"MGAT3","node_id_0",9.480299949645996,-0.36629998683929443
"MGAT4B","node_id_1",11.555700302124023,0.31130000948905945
"MGAT5","node_id_2",7.661200046539307,0.388700008392334
"MGAT5B","node_id_3",5.129499912261963,-0.35019999742507935
