"label","id","mRNA","methy"
"MGAT3","node_id_0",8.240400314331055,0.4106999933719635
"MGAT4B","node_id_1",11.296299934387207,0.43880000710487366
"MGAT5","node_id_2",6.719200134277344,0.4171000123023987
"MGAT5B","node_id_3",3.3111000061035156,-0.2410999983549118
