"label","id","mRNA","methy"
"MGAT3","node_id_0",7.680799961090088,0.2110999971628189
"MGAT4B","node_id_1",10.919899940490723,0.39079999923706055
"MGAT5","node_id_2",6.851799964904785,0.3617999851703644
"MGAT5B","node_id_3",3.058799982070923,-0.24709999561309814
