"label","id","mRNA","methy"
"MGAT3","node_id_0",8.433300018310547,0.17980000376701355
"MGAT4B","node_id_1",11.298999786376953,0.09040000289678574
"MGAT5","node_id_2",8.942099571228027,0.033900000154972076
"MGAT5B","node_id_3",5.718900203704834,-0.2175000011920929
