"label","id","mRNA","methy"
"MGAT3","node_id_0",8.7391996383667,-0.17260000109672546
"MGAT4B","node_id_1",11.163599967956543,0.37619999051094055
"MGAT5","node_id_2",7.8069000244140625,0.35830000042915344
"MGAT5B","node_id_3",3.184499979019165,-0.18449999392032623
