"label","id","mRNA","methy"
"MGAT3","node_id_0",7.6118998527526855,0.1006999984383583
"MGAT4B","node_id_1",10.574299812316895,0.36329999566078186
"MGAT5","node_id_2",8.88659954071045,0.23360000550746918
"MGAT5B","node_id_3",4.673900127410889,-0.22339999675750732
