"label","id","mRNA","methy"
"MGAT3","node_id_0",8.458399772644043,-0.02759999968111515
"MGAT4B","node_id_1",10.925299644470215,0.3921000063419342
"MGAT5","node_id_2",9.01200008392334,0.37400001287460327
"MGAT5B","node_id_3",1.7675000429153442,-0.334199994802475
