"label","id","mRNA","methy"
"MGAT3","node_id_0",8.245499610900879,0.11330000311136246
"MGAT4B","node_id_1",12.562000274658203,0.38029998540878296
"MGAT5","node_id_2",5.586999893188477,0.37770000100135803
"MGAT5B","node_id_3",0.0,-0.19930000603199005
