"label","id","mRNA","methy"
"MGAT3","node_id_0",5.289999961853027,0.2206999957561493
"MGAT4B","node_id_1",10.569299697875977,0.4399999976158142
"MGAT5","node_id_2",7.593800067901611,0.2533999979496002
"MGAT5B","node_id_3",5.231500148773193,-0.4154999852180481
