"label","id","mRNA","methy"
"MGAT3","node_id_0",9.852499961853027,-0.06069999933242798
"MGAT4B","node_id_1",11.059100151062012,0.36579999327659607
"MGAT5","node_id_2",7.89769983291626,0.4007999897003174
"MGAT5B","node_id_3",2.3714001178741455,-0.13850000500679016
