"label","id","mRNA","methy"
"MGAT3","node_id_0",9.367199897766113,-0.0215000007301569
"MGAT4B","node_id_1",11.29990005493164,0.35929998755455017
"MGAT5","node_id_2",7.140500068664551,0.3903999924659729
"MGAT5B","node_id_3",4.698200225830078,-0.2879999876022339
