"label","id","mRNA","methy"
"MGAT3","node_id_0",2.9802000522613525,0.26499998569488525
"MGAT4B","node_id_1",10.107000350952148,0.40459999442100525
"MGAT5","node_id_2",8.728300094604492,0.4212000072002411
"MGAT5B","node_id_3",2.3601999282836914,-0.33379998803138733
