"label","id","mRNA","methy"
"MGAT3","node_id_0",7.518700122833252,-0.04580000042915344
"MGAT4B","node_id_1",11.182999610900879,0.39899998903274536
"MGAT5","node_id_2",6.49399995803833,0.2928999960422516
"MGAT5B","node_id_3",3.9765000343322754,-0.36039999127388
