"label","id","mRNA","methy"
"MGAT3","node_id_0",10.490699768066406,-0.33489999175071716
"MGAT4B","node_id_1",11.157600402832031,0.39899998903274536
"MGAT5","node_id_2",8.424500465393066,0.3522000014781952
"MGAT5B","node_id_3",3.219599962234497,-0.4043999910354614
