"label","id","mRNA","methy"
"MGAT3","node_id_0",10.306599617004395,-0.1665000021457672
"MGAT4B","node_id_1",10.628299713134766,0.42640000581741333
"MGAT5","node_id_2",8.513199806213379,0.36579999327659607
"MGAT5B","node_id_3",5.251399993896484,-0.35249999165534973
