"label","id","mRNA","methy"
"MGAT3","node_id_0",7.547699928283691,-0.3140999972820282
"MGAT4B","node_id_1",11.035499572753906,0.3540000021457672
"MGAT5","node_id_2",9.63029956817627,0.3596999943256378
"MGAT5B","node_id_3",3.1136999130249023,-0.33009999990463257
