"label","id","mRNA","methy"
"MGAT3","node_id_0",5.221199989318848,0.34700000286102295
"MGAT4B","node_id_1",10.508899688720703,0.43299999833106995
"MGAT5","node_id_2",8.06659984588623,0.4406000077724457
"MGAT5B","node_id_3",7.470300197601318,-0.27970001101493835
