"label","id","mRNA","methy"
"MGAT3","node_id_0",6.847499847412109,0.30320000648498535
"MGAT4B","node_id_1",12.013699531555176,0.2750999927520752
"MGAT5","node_id_2",7.3420000076293945,0.4404999911785126
"MGAT5B","node_id_3",2.9583001136779785,-0.1316000074148178
