"label","id","mRNA","methy"
"MGAT3","node_id_0",10.202699661254883,-0.30000001192092896
"MGAT4B","node_id_1",11.036299705505371,0.38280001282691956
"MGAT5","node_id_2",8.177499771118164,0.3896999955177307
"MGAT5B","node_id_3",2.9937000274658203,-0.37770000100135803
