"label","id","mRNA","methy"
"MGAT3","node_id_0",8.918700218200684,-0.2863999903202057
"MGAT4B","node_id_1",11.0649995803833,0.40209999680519104
"MGAT5","node_id_2",9.155599594116211,0.38199999928474426
"MGAT5B","node_id_3",3.585099935531616,-0.37459999322891235
