"label","id","mRNA","methy"
"MGAT3","node_id_0",7.145599842071533,0.2612000107765198
"MGAT4B","node_id_1",10.810700416564941,0.4050000011920929
"MGAT5","node_id_2",8.007800102233887,0.34850001335144043
"MGAT5B","node_id_3",3.612499952316284,-0.3853999972343445
