"label","id","mRNA","methy"
"MGAT3","node_id_0",7.39109992980957,-0.40720000863075256
"MGAT4B","node_id_1",11.5068998336792,0.08089999854564667
"MGAT5","node_id_2",7.881199836730957,0.2897000014781952
"MGAT5B","node_id_3",2.595599889755249,-0.1597999930381775
