"label","id","mRNA","methy"
"MGAT3","node_id_0",8.443699836730957,-0.3750999867916107
"MGAT4B","node_id_1",11.146200180053711,0.4016000032424927
"MGAT5","node_id_2",6.921599864959717,0.40209999680519104
"MGAT5B","node_id_3",3.5615999698638916,-0.3630000054836273
