"label","id","mRNA","methy"
"MGAT3","node_id_0",5.596199989318848,0.4677000045776367
"MGAT4B","node_id_1",11.071700096130371,0.4043000042438507
"MGAT5","node_id_2",8.890999794006348,0.4375999867916107
"MGAT5B","node_id_3",8.3951997756958,-0.45980000495910645
