"label","id","mRNA","methy"
"MGAT3","node_id_0",5.1280999183654785,-0.47519999742507935
"MGAT4B","node_id_1",10.995100021362305,0.15219999849796295
"MGAT5","node_id_2",6.4029998779296875,0.13009999692440033
"MGAT5B","node_id_3",2.4210000038146973,-0.3167000114917755
