"label","id","mRNA","methy"
"MGAT3","node_id_0",8.351699829101562,-0.34860000014305115
"MGAT4B","node_id_1",11.306500434875488,0.3986999988555908
"MGAT5","node_id_2",8.061100006103516,0.17090000212192535
"MGAT5B","node_id_3",4.3282999992370605,-0.3684999942779541
