"label","id","mRNA","methy"
"MGAT3","node_id_0",8.26710033416748,0.1370999962091446
"MGAT4B","node_id_1",11.742400169372559,0.3977999985218048
"MGAT5","node_id_2",5.941199779510498,0.3327000141143799
"MGAT5B","node_id_3",6.0971999168396,-0.36820000410079956
