"label","id","mRNA","methy"
"MGAT3","node_id_0",10.569700241088867,-0.3368000090122223
"MGAT4B","node_id_1",11.93809986114502,0.33880001306533813
"MGAT5","node_id_2",3.880000114440918,0.4097999930381775
"MGAT5B","node_id_3",5.114500045776367,-0.16130000352859497
