"label","id","mRNA","methy"
"MGAT3","node_id_0",7.60230016708374,0.30379998683929443
"MGAT4B","node_id_1",12.267999649047852,0.3847000002861023
"MGAT5","node_id_2",8.916199684143066,0.4560000002384186
"MGAT5B","node_id_3",2.956399917602539,-0.2101999968290329
