"label","id","mRNA","methy"
"MGAT3","node_id_0",9.087200164794922,-0.1468999981880188
"MGAT4B","node_id_1",11.787699699401855,0.38749998807907104
"MGAT5","node_id_2",8.524100303649902,0.3449000120162964
"MGAT5B","node_id_3",3.6366000175476074,-0.16120000183582306
