"label","id","mRNA","methy"
"MGAT3","node_id_0",9.125699996948242,-0.18719999492168427
"MGAT4B","node_id_1",11.23330020904541,0.3686999976634979
"MGAT5","node_id_2",8.284799575805664,0.35040000081062317
"MGAT5B","node_id_3",4.679699897766113,-0.41990000009536743
