"label","id","mRNA","methy"
"MGAT3","node_id_0",7.941100120544434,0.388700008392334
"MGAT4B","node_id_1",11.156599998474121,0.41929998993873596
"MGAT5","node_id_2",6.673399925231934,0.3488999903202057
"MGAT5B","node_id_3",3.8963000774383545,-0.3296999931335449
