"label","id","mRNA","methy"
"MGAT3","node_id_0",11.368599891662598,-0.08240000158548355
"MGAT4B","node_id_1",11.146499633789062,0.3806999921798706
"MGAT5","node_id_2",3.164400100708008,0.3901999890804291
"MGAT5B","node_id_3",4.595399856567383,-0.3578999936580658
