"label","id","mRNA","methy"
"MGAT3","node_id_0",5.978300094604492,-0.041200000792741776
"MGAT4B","node_id_1",11.60420036315918,-0.07609999924898148
"MGAT5","node_id_2",7.479499816894531,0.28450000286102295
"MGAT5B","node_id_3",4.333499908447266,-0.011599999852478504
