"label","id","mRNA","methy"
"MGAT3","node_id_0",4.198500156402588,0.29330000281333923
"MGAT4B","node_id_1",9.997699737548828,0.40400001406669617
"MGAT5","node_id_2",7.606299877166748,0.319599986076355
"MGAT5B","node_id_3",3.6522998809814453,-0.3840000033378601
