"label","id","mRNA","methy"
"MGAT3","node_id_0",8.065500259399414,0.030899999663233757
"MGAT4B","node_id_1",11.36620044708252,0.42489999532699585
"MGAT5","node_id_2",7.1691999435424805,0.4410000145435333
"MGAT5B","node_id_3",4.384699821472168,-0.3921999931335449
