"label","id","mRNA","methy"
"MGAT3","node_id_0",4.402200222015381,0.28610000014305115
"MGAT4B","node_id_1",11.280599594116211,0.44620001316070557
"MGAT5","node_id_2",6.763199806213379,0.4124000072479248
"MGAT5B","node_id_3",0.8978999853134155,0.2004999965429306
