"label","id","mRNA","methy"
"MGAT3","node_id_0",5.700099945068359,0.32989999651908875
"MGAT4B","node_id_1",10.166799545288086,0.44670000672340393
"MGAT5","node_id_2",7.654200077056885,0.35530000925064087
"MGAT5B","node_id_3",4.010900020599365,-0.4302000105381012
