"label","id","mRNA","methy"
"MGAT3","node_id_0",9.741100311279297,0.00570000009611249
"MGAT4B","node_id_1",11.755800247192383,0.384799987077713
"MGAT5","node_id_2",8.0733003616333,0.4120999872684479
"MGAT5B","node_id_3",2.878000020980835,-0.0003000000142492354
