"label","id","mRNA","methy"
"MGAT3","node_id_0",9.652199745178223,-0.3630000054836273
"MGAT4B","node_id_1",10.975099563598633,0.4165000021457672
"MGAT5","node_id_2",8.67199993133545,0.28839999437332153
"MGAT5B","node_id_3",3.0632998943328857,-0.2175000011920929
