"label","id","mRNA","methy"
"MGAT3","node_id_0",8.934000015258789,-0.3617999851703644
"MGAT4B","node_id_1",11.105199813842773,0.3862000107765198
"MGAT5","node_id_2",8.559499740600586,0.1835000067949295
"MGAT5B","node_id_3",4.767000198364258,-0.4221000075340271
