"label","id","mRNA","methy"
"MGAT3","node_id_0",10.735699653625488,-0.3025999963283539
"MGAT4B","node_id_1",11.388899803161621,0.4153999984264374
"MGAT5","node_id_2",7.483099937438965,0.42309999465942383
"MGAT5B","node_id_3",6.838500022888184,0.01080000028014183
