"label","id","mRNA","methy"
"MGAT3","node_id_0",6.7881999015808105,0.24300000071525574
"MGAT4B","node_id_1",10.796299934387207,0.40290001034736633
"MGAT5","node_id_2",8.954400062561035,0.3174000084400177
"MGAT5B","node_id_3",4.488999843597412,-0.09369999915361404
