"label","id","mRNA","methy"
"MGAT3","node_id_0",4.81879997253418,0.13269999623298645
"MGAT4B","node_id_1",10.726400375366211,0.39320001006126404
"MGAT5","node_id_2",7.944200038909912,0.15080000460147858
"MGAT5B","node_id_3",3.5120999813079834,-0.31610000133514404
