"label","id","mRNA","methy"
"MGAT3","node_id_0",5.603400230407715,0.1525000035762787
"MGAT4B","node_id_1",9.481499671936035,0.4507000148296356
"MGAT5","node_id_2",5.465000152587891,0.2890999913215637
"MGAT5B","node_id_3",2.0409998893737793,-0.1673000007867813
