"label","id","mRNA","methy"
"MGAT3","node_id_0",7.621799945831299,0.2021999955177307
"MGAT4B","node_id_1",11.093299865722656,0.3862000107765198
"MGAT5","node_id_2",9.345499992370605,0.4284000098705292
"MGAT5B","node_id_3",3.0095999240875244,-0.15109999477863312
