"label","id","mRNA","methy"
"MGAT3","node_id_0",8.132399559020996,0.3910999894142151
"MGAT4B","node_id_1",11.599900245666504,0.3675999939441681
"MGAT5","node_id_2",7.305600166320801,0.3273000121116638
"MGAT5B","node_id_3",9.14900016784668,-0.4296000003814697
