"label","id","mRNA","methy"
"MGAT3","node_id_0",6.053400039672852,0.20569999516010284
"MGAT4B","node_id_1",11.281399726867676,-0.1623000055551529
"MGAT5","node_id_2",4.737400054931641,0.40290001034736633
"MGAT5B","node_id_3",6.95989990234375,-0.301800012588501
