"label","id","mRNA","methy"
"MGAT3","node_id_0",9.49470043182373,0.04089999943971634
"MGAT4B","node_id_1",11.16819953918457,0.39309999346733093
"MGAT5","node_id_2",8.308199882507324,0.328900009393692
"MGAT5B","node_id_3",3.0896999835968018,-0.19269999861717224
