"label","id","mRNA","methy"
"MGAT3","node_id_0",8.541899681091309,-0.18359999358654022
"MGAT4B","node_id_1",10.355799674987793,0.4108000099658966
"MGAT5","node_id_2",8.461400032043457,0.3970000147819519
"MGAT5B","node_id_3",2.4572999477386475,-0.44670000672340393
