"label","id","mRNA","methy"
"MGAT3","node_id_0",9.641900062561035,0.08349999785423279
"MGAT4B","node_id_1",10.766400337219238,0.3034999966621399
"MGAT5","node_id_2",8.85789966583252,0.14000000059604645
"MGAT5B","node_id_3",3.7416000366210938,-0.37880000472068787
