"label","id","mRNA","methy"
"MGAT3","node_id_0",8.723199844360352,-0.2563000023365021
"MGAT4B","node_id_1",11.134699821472168,0.365200012922287
"MGAT5","node_id_2",8.599699974060059,0.21870000660419464
"MGAT5B","node_id_3",4.743899822235107,-0.4124999940395355
