"label","id","mRNA","methy"
"MGAT3","node_id_0",8.794500350952148,0.1695999950170517
"MGAT4B","node_id_1",11.685500144958496,0.40310001373291016
"MGAT5","node_id_2",8.254400253295898,0.391400009393692
"MGAT5B","node_id_3",2.191800117492676,-0.12060000002384186
