"label","id","mRNA","methy"
"MGAT3","node_id_0",6.945199966430664,0.20479999482631683
"MGAT4B","node_id_1",10.800299644470215,0.39719998836517334
"MGAT5","node_id_2",8.178799629211426,-0.07289999723434448
"MGAT5B","node_id_3",3.107300043106079,-0.45559999346733093
