"label","id","mRNA","methy"
"MGAT3","node_id_0",5.217100143432617,0.251800000667572
"MGAT4B","node_id_1",10.365500450134277,0.44040000438690186
"MGAT5","node_id_2",6.950699806213379,0.37459999322891235
"MGAT5B","node_id_3",3.734100103378296,-0.40459999442100525
