"label","id","mRNA","methy"
"MGAT3","node_id_0",9.346699714660645,-0.13689999282360077
"MGAT4B","node_id_1",11.713800430297852,0.37209999561309814
"MGAT5","node_id_2",6.581299781799316,0.35179999470710754
"MGAT5B","node_id_3",3.569700002670288,-0.22450000047683716
