"label","id","mRNA","methy"
"MGAT3","node_id_0",10.939299583435059,-0.2840999960899353
"MGAT4B","node_id_1",11.382399559020996,0.40639999508857727
"MGAT5","node_id_2",9.28499984741211,0.36570000648498535
"MGAT5B","node_id_3",3.7939999103546143,-0.3100000023841858
