"label","id","mRNA","methy"
"MGAT3","node_id_0",10.3818998336792,-0.34290000796318054
"MGAT4B","node_id_1",11.132599830627441,0.39160001277923584
"MGAT5","node_id_2",8.080699920654297,0.40779998898506165
"MGAT5B","node_id_3",4.478600025177002,-0.3652999997138977
