"label","id","mRNA","methy"
"MGAT3","node_id_0",10.648699760437012,-0.15800000727176666
"MGAT4B","node_id_1",11.352999687194824,0.3467999994754791
"MGAT5","node_id_2",8.44849967956543,0.38940000534057617
"MGAT5B","node_id_3",3.3361001014709473,-0.3449000120162964
