"label","id","mRNA","methy"
"MGAT3","node_id_0",8.805299758911133,-0.3273000121116638
"MGAT4B","node_id_1",10.957200050354004,0.39649999141693115
"MGAT5","node_id_2",8.416500091552734,0.29750001430511475
"MGAT5B","node_id_3",3.8496999740600586,-0.39800000190734863
