"label","id","mRNA","methy"
"MGAT3","node_id_0",10.370400428771973,-0.4408000111579895
"MGAT4B","node_id_1",10.925100326538086,0.4113999903202057
"MGAT5","node_id_2",8.994999885559082,0.2694000005722046
"MGAT5B","node_id_3",6.056600093841553,-0.4153999984264374
