"label","id","mRNA","methy"
"MGAT3","node_id_0",5.9182000160217285,0.31279999017715454
"MGAT4B","node_id_1",11.110799789428711,0.436599999666214
"MGAT5","node_id_2",7.941999912261963,0.43299999833106995
"MGAT5B","node_id_3",6.212800025939941,-0.04969999939203262
