"label","id","mRNA","methy"
"MGAT3","node_id_0",7.058199882507324,0.4133000075817108
"MGAT4B","node_id_1",11.963600158691406,0.3709000051021576
"MGAT5","node_id_2",3.005199909210205,0.4235999882221222
"MGAT5B","node_id_3",2.885499954223633,-0.39469999074935913
