"label","id","mRNA","methy"
"MGAT3","node_id_0",8.14229965209961,-0.20630000531673431
"MGAT4B","node_id_1",11.10789966583252,0.4368000030517578
"MGAT5","node_id_2",7.862400054931641,0.42559999227523804
"MGAT5B","node_id_3",3.929500102996826,-0.350600004196167
