"label","id","mRNA","methy"
"MGAT3","node_id_0",8.580300331115723,-0.07739999890327454
"MGAT4B","node_id_1",11.342000007629395,0.3921999931335449
"MGAT5","node_id_2",6.910900115966797,0.4235000014305115
"MGAT5B","node_id_3",1.2146999835968018,-0.1762000024318695
