"label","id","mRNA","methy"
"MGAT3","node_id_0",8.538000106811523,0.006800000090152025
"MGAT4B","node_id_1",11.111800193786621,0.3917999863624573
"MGAT5","node_id_2",9.121700286865234,0.17239999771118164
"MGAT5B","node_id_3",2.5383999347686768,-0.334199994802475
