"label","id","mRNA","methy"
"MGAT3","node_id_0",8.217300415039062,-0.11990000307559967
"MGAT4B","node_id_1",11.676799774169922,0.06599999964237213
"MGAT5","node_id_2",7.79010009765625,0.06589999794960022
"MGAT5B","node_id_3",1.795699954032898,-0.2718000113964081
