"label","id","mRNA","methy"
"MGAT3","node_id_0",9.97350025177002,-0.39169999957084656
"MGAT4B","node_id_1",12.68280029296875,0.3508000075817108
"MGAT5","node_id_2",7.438799858093262,0.06350000202655792
"MGAT5B","node_id_3",3.948199987411499,-0.42179998755455017
