"label","id","mRNA","methy"
"MGAT3","node_id_0",12.026800155639648,-0.0340999998152256
"MGAT4B","node_id_1",12.439000129699707,0.39890000224113464
"MGAT5","node_id_2",5.503200054168701,0.4521999955177307
"MGAT5B","node_id_3",2.584399938583374,-0.32109999656677246
