"label","id","mRNA","methy"
"MGAT3","node_id_0",9.767600059509277,-0.21080000698566437
"MGAT4B","node_id_1",11.397000312805176,0.3614000082015991
"MGAT5","node_id_2",7.753200054168701,0.40959998965263367
"MGAT5B","node_id_3",3.4154000282287598,-0.3513000011444092
