"label","id","mRNA","methy"
"MGAT3","node_id_0",7.7067999839782715,0.13760000467300415
"MGAT4B","node_id_1",11.8951997756958,0.3869999945163727
"MGAT5","node_id_2",7.861299991607666,0.34450000524520874
"MGAT5B","node_id_3",1.9831000566482544,-0.1607999950647354
