"label","id","mRNA","methy"
"MGAT3","node_id_0",8.55370044708252,-0.15940000116825104
"MGAT4B","node_id_1",10.900199890136719,0.365200012922287
"MGAT5","node_id_2",8.088199615478516,0.4449000060558319
"MGAT5B","node_id_3",3.049999952316284,-0.22370000183582306
