"label","id","mRNA","methy"
"MGAT3","node_id_0",4.464600086212158,-0.4587000012397766
"MGAT4B","node_id_1",11.503700256347656,0.4171000123023987
"MGAT5","node_id_2",8.005399703979492,0.42640000581741333
"MGAT5B","node_id_3",1.4184000492095947,-0.3970000147819519
