"label","id","mRNA","methy"
"MGAT3","node_id_0",5.513400077819824,0.30709999799728394
"MGAT4B","node_id_1",11.646100044250488,-0.22609999775886536
"MGAT5","node_id_2",9.105199813842773,-0.2134000062942505
"MGAT5B","node_id_3",0.6707000136375427,0.2345999926328659
