"label","id","mRNA","methy"
"MGAT3","node_id_0",4.255300045013428,-0.43299999833106995
"MGAT4B","node_id_1",11.3774995803833,0.052000001072883606
"MGAT5","node_id_2",8.130999565124512,0.06750000268220901
"MGAT5B","node_id_3",1.124500036239624,0.06780000030994415
