"label","id","mRNA","methy"
"MGAT3","node_id_0",9.065400123596191,-0.40389999747276306
"MGAT4B","node_id_1",11.0,0.4083999991416931
"MGAT5","node_id_2",8.706100463867188,0.3474000096321106
"MGAT5B","node_id_3",1.9221999645233154,-0.3986000120639801
