"label","id","mRNA","methy"
"MGAT3","node_id_0",7.7281999588012695,0.17139999568462372
"MGAT4B","node_id_1",11.00790023803711,0.35030001401901245
"MGAT5","node_id_2",6.208199977874756,0.22660000622272491
"MGAT5B","node_id_3",5.393799781799316,-0.34929999709129333
