"label","id","mRNA","methy"
"MGAT3","node_id_0",8.68589973449707,-0.052400000393390656
"MGAT4B","node_id_1",10.82800006866455,0.4219000041484833
"MGAT5","node_id_2",8.881400108337402,0.3716999888420105
"MGAT5B","node_id_3",4.194300174713135,-0.3905999958515167
