"label","id","mRNA","methy"
"MGAT3","node_id_0",9.483400344848633,-0.00019999999494757503
"MGAT4B","node_id_1",12.523200035095215,0.40310001373291016
"MGAT5","node_id_2",7.79040002822876,0.3434999883174896
"MGAT5B","node_id_3",3.1675000190734863,-0.41119998693466187
