"label","id","mRNA","methy"
"MGAT3","node_id_0",9.553400039672852,-0.2838999927043915
"MGAT4B","node_id_1",11.152199745178223,0.41190001368522644
"MGAT5","node_id_2",9.137999534606934,0.3154999911785126
"MGAT5B","node_id_3",3.4760000705718994,-0.37599998712539673
