"label","id","mRNA","methy"
"MGAT3","node_id_0",8.1181001663208,0.2134999930858612
"MGAT4B","node_id_1",11.200900077819824,0.4124999940395355
"MGAT5","node_id_2",8.348199844360352,0.227400004863739
"MGAT5B","node_id_3",3.758699893951416,-0.42739999294281006
