"label","id","mRNA","methy"
"MGAT3","node_id_0",9.058699607849121,0.0008999999845400453
"MGAT4B","node_id_1",11.464900016784668,0.43320000171661377
"MGAT5","node_id_2",8.32919979095459,0.25220000743865967
"MGAT5B","node_id_3",3.02239990234375,-0.37310001254081726
