"label","id","mRNA","methy"
"MGAT3","node_id_0",9.10770034790039,0.031300000846385956
"MGAT4B","node_id_1",11.255599975585938,0.4004000127315521
"MGAT5","node_id_2",9.287599563598633,0.36800000071525574
"MGAT5B","node_id_3",2.3248000144958496,-0.3765999972820282
