"label","id","mRNA","methy"
"MGAT3","node_id_0",4.395199775695801,0.27880001068115234
"MGAT4B","node_id_1",11.364500045776367,0.40790000557899475
"MGAT5","node_id_2",7.694200038909912,0.42809998989105225
"MGAT5B","node_id_3",1.482699990272522,-0.38109999895095825
