"label","id","mRNA","methy"
"MGAT3","node_id_0",7.6031999588012695,-0.13779999315738678
"MGAT4B","node_id_1",11.48449993133545,0.04360000044107437
"MGAT5","node_id_2",8.599499702453613,0.15790000557899475
"MGAT5B","node_id_3",4.301599979400635,-0.30320000648498535
