"label","id","mRNA","methy"
"MGAT3","node_id_0",5.929699897766113,0.3402000069618225
"MGAT4B","node_id_1",10.042499542236328,0.444599986076355
"MGAT5","node_id_2",8.741499900817871,0.45239999890327454
"MGAT5B","node_id_3",0.9358000159263611,0.20170000195503235
