"label","id","mRNA","methy"
"MGAT3","node_id_0",5.834000110626221,0.014299999922513962
"MGAT4B","node_id_1",11.663399696350098,0.02590000070631504
"MGAT5","node_id_2",8.18690013885498,0.19599999487400055
"MGAT5B","node_id_3",2.8117001056671143,-0.22339999675750732
