"label","id","mRNA","methy"
"MGAT3","node_id_0",6.9878997802734375,0.19820000231266022
"MGAT4B","node_id_1",10.269399642944336,0.32850000262260437
"MGAT5","node_id_2",8.81190013885498,0.08349999785423279
"MGAT5B","node_id_3",3.8657000064849854,-0.3937000036239624
