"label","id","mRNA","methy"
"MGAT3","node_id_0",9.182900428771973,0.032099999487400055
"MGAT4B","node_id_1",11.144000053405762,0.36899998784065247
"MGAT5","node_id_2",7.455399990081787,0.38960000872612
"MGAT5B","node_id_3",2.343600034713745,-0.20399999618530273
