"label","id","mRNA","methy"
"MGAT3","node_id_0",7.657899856567383,-0.22699999809265137
"MGAT4B","node_id_1",10.735300064086914,0.37630000710487366
"MGAT5","node_id_2",6.042500019073486,0.427700012922287
"MGAT5B","node_id_3",3.2151999473571777,-0.2985999882221222
