"label","id","mRNA","methy"
"MGAT3","node_id_0",5.559700012207031,0.20520000159740448
"MGAT4B","node_id_1",12.194199562072754,0.3977999985218048
"MGAT5","node_id_2",6.63640022277832,-0.0142000000923872
"MGAT5B","node_id_3",3.618799924850464,-0.3601999878883362
