"label","id","mRNA","methy"
"MGAT3","node_id_0",10.442500114440918,-0.3109000027179718
"MGAT4B","node_id_1",11.540499687194824,0.3779999911785126
"MGAT5","node_id_2",9.19320011138916,0.3237999975681305
"MGAT5B","node_id_3",2.7534000873565674,-0.4146000146865845
