"label","id","mRNA","methy"
"MGAT3","node_id_0",5.732600212097168,0.13950000703334808
"MGAT4B","node_id_1",11.120499610900879,0.3824000060558319
"MGAT5","node_id_2",8.463700294494629,0.2793999910354614
"MGAT5B","node_id_3",2.669800043106079,-0.3741999864578247
