"label","id","mRNA","methy"
"MGAT3","node_id_0",7.757999897003174,-0.22040000557899475
"MGAT4B","node_id_1",11.21049976348877,0.41909998655319214
"MGAT5","node_id_2",8.837900161743164,0.334199994802475
"MGAT5B","node_id_3",3.6196999549865723,-0.4406999945640564
