"label","id","mRNA","methy"
"MGAT3","node_id_0",6.053599834442139,0.16949999332427979
"MGAT4B","node_id_1",10.527700424194336,0.44440001249313354
"MGAT5","node_id_2",8.114100456237793,0.3790000081062317
"MGAT5B","node_id_3",4.351200103759766,-0.3619000017642975
