"label","id","mRNA","methy"
"MGAT3","node_id_0",5.603000164031982,0.30880001187324524
"MGAT4B","node_id_1",10.600700378417969,0.4530999958515167
"MGAT5","node_id_2",8.266599655151367,0.3449000120162964
"MGAT5B","node_id_3",5.794400215148926,-0.3190999925136566
