"label","id","mRNA","methy"
"MGAT3","node_id_0",6.0131001472473145,0.20239999890327454
"MGAT4B","node_id_1",10.215100288391113,0.4472000002861023
"MGAT5","node_id_2",8.170900344848633,0.21469999849796295
"MGAT5B","node_id_3",2.733799934387207,-0.3968000113964081
