"label","id","mRNA","methy"
"MGAT3","node_id_0",7.2027997970581055,-0.31869998574256897
"MGAT4B","node_id_1",11.934200286865234,0.39100000262260437
"MGAT5","node_id_2",8.881099700927734,0.38199999928474426
"MGAT5B","node_id_3",2.3315999507904053,-0.12610000371932983
