"label","id","mRNA","methy"
"MGAT3","node_id_0",6.996699810028076,0.07530000060796738
"MGAT4B","node_id_1",11.175700187683105,0.37929999828338623
"MGAT5","node_id_2",6.479800224304199,0.4345000088214874
"MGAT5B","node_id_3",2.1029000282287598,-0.37770000100135803
