"label","id","mRNA","methy"
"MGAT3","node_id_0",10.54069995880127,-0.21230000257492065
"MGAT4B","node_id_1",11.377300262451172,0.3837999999523163
"MGAT5","node_id_2",7.309000015258789,0.42149999737739563
"MGAT5B","node_id_3",3.5871999263763428,-0.12939999997615814
