"label","id","mRNA","methy"
"MGAT3","node_id_0",8.898599624633789,-0.1899999976158142
"MGAT4B","node_id_1",10.88070011138916,0.41940000653266907
"MGAT5","node_id_2",9.422699928283691,0.3330000042915344
"MGAT5B","node_id_3",3.3157999515533447,-0.3693000078201294
