"label","id","mRNA","methy"
"MGAT3","node_id_0",5.36359977722168,-0.2980000078678131
"MGAT4B","node_id_1",9.089500427246094,0.3490000069141388
"MGAT5","node_id_2",0.0,0.27880001068115234
"MGAT5B","node_id_3",4.96019983291626,-0.27390000224113464
