"label","id","mRNA","methy"
"MGAT3","node_id_0",8.40369987487793,-0.06360000371932983
"MGAT4B","node_id_1",10.52810001373291,0.4528000056743622
"MGAT5","node_id_2",8.502900123596191,0.4154999852180481
"MGAT5B","node_id_3",3.799099922180176,-0.4212000072002411
