"label","id","mRNA","methy"
"MGAT3","node_id_0",5.331099987030029,0.3084999918937683
"MGAT4B","node_id_1",11.013299942016602,0.4074000120162964
"MGAT5","node_id_2",8.05150032043457,0.4083000123500824
"MGAT5B","node_id_3",1.0109000205993652,-0.20990000665187836
