"label","id","mRNA","methy"
"MGAT3","node_id_0",8.302000045776367,0.18000000715255737
"MGAT4B","node_id_1",10.155200004577637,0.4120999872684479
"MGAT5","node_id_2",8.914400100708008,0.3472999930381775
"MGAT5B","node_id_3",5.572800159454346,-0.3970000147819519
