"label","id","mRNA","methy"
"MGAT3","node_id_0",4.448200225830078,0.32089999318122864
"MGAT4B","node_id_1",10.350600242614746,0.41819998621940613
"MGAT5","node_id_2",8.832799911499023,0.4593000113964081
"MGAT5B","node_id_3",5.89769983291626,0.025800000876188278
