"label","id","mRNA","methy"
"MGAT3","node_id_0",9.439000129699707,-0.20520000159740448
"MGAT4B","node_id_1",12.10949993133545,-0.032999999821186066
"MGAT5","node_id_2",6.837800025939941,0.16329999268054962
"MGAT5B","node_id_3",3.0506999492645264,-0.26510000228881836
