"label","id","mRNA","methy"
"MGAT3","node_id_0",8.860899925231934,-0.045099999755620956
"MGAT4B","node_id_1",11.307600021362305,0.10589999705553055
"MGAT5","node_id_2",7.355000019073486,0.14640000462532043
"MGAT5B","node_id_3",6.368000030517578,-0.23280000686645508
