"label","id","mRNA","methy"
"MGAT3","node_id_0",5.613800048828125,0.22949999570846558
"MGAT4B","node_id_1",11.022199630737305,0.4334999918937683
"MGAT5","node_id_2",8.487099647521973,0.3853999972343445
"MGAT5B","node_id_3",5.4293999671936035,-0.13089999556541443
