"label","id","mRNA","methy"
"MGAT3","node_id_0",10.433600425720215,-0.3546000123023987
"MGAT4B","node_id_1",10.622599601745605,0.4083999991416931
"MGAT5","node_id_2",8.38640022277832,0.38339999318122864
"MGAT5B","node_id_3",2.984499931335449,-0.3497999906539917
