"label","id","mRNA","methy"
"MGAT3","node_id_0",7.646599769592285,-0.08789999783039093
"MGAT4B","node_id_1",11.929400444030762,0.4009000062942505
"MGAT5","node_id_2",8.646699905395508,0.3012000024318695
"MGAT5B","node_id_3",2.6178998947143555,-0.18870000541210175
