"label","id","mRNA","methy"
"MGAT3","node_id_0",5.661399841308594,-0.4528000056743622
"MGAT4B","node_id_1",11.109000205993652,0.1111999973654747
"MGAT5","node_id_2",6.82889986038208,0.23960000276565552
"MGAT5B","node_id_3",1.9392000436782837,-0.1386999934911728
