"label","id","mRNA","methy"
"MGAT3","node_id_0",9.029000282287598,0.0010999999940395355
"MGAT4B","node_id_1",11.758399963378906,0.35740000009536743
"MGAT5","node_id_2",7.6996002197265625,0.30790001153945923
"MGAT5B","node_id_3",5.256100177764893,-0.4212999939918518
