"label","id","mRNA","methy"
"MGAT3","node_id_0",8.375100135803223,0.18299999833106995
"MGAT4B","node_id_1",11.057700157165527,0.29010000824928284
"MGAT5","node_id_2",8.269599914550781,0.38280001282691956
"MGAT5B","node_id_3",3.174799919128418,-0.20479999482631683
