"label","id","mRNA","methy"
"MGAT3","node_id_0",4.2144999504089355,0.26660001277923584
"MGAT4B","node_id_1",10.611200332641602,0.28839999437332153
"MGAT5","node_id_2",8.80519962310791,0.39070001244544983
"MGAT5B","node_id_3",5.004499912261963,-0.4268999993801117
