"label","id","mRNA","methy"
"MGAT3","node_id_0",7.7677998542785645,-0.3156999945640564
"MGAT4B","node_id_1",11.579700469970703,0.4372999966144562
"MGAT5","node_id_2",7.277599811553955,0.30550000071525574
"MGAT5B","node_id_3",5.137499809265137,-0.37790000438690186
