"label","id","mRNA","methy"
"MGAT3","node_id_0",8.85890007019043,0.025299999862909317
"MGAT4B","node_id_1",11.73859977722168,0.39329999685287476
"MGAT5","node_id_2",6.861000061035156,0.4235999882221222
"MGAT5B","node_id_3",2.161799907684326,-0.2662999927997589
