"label","id","mRNA","methy"
"MGAT3","node_id_0",9.349800109863281,-0.2874999940395355
"MGAT4B","node_id_1",10.645999908447266,0.3831000030040741
"MGAT5","node_id_2",7.736999988555908,0.367000013589859
"MGAT5B","node_id_3",5.092199802398682,-0.38839998841285706
