"label","id","mRNA","methy"
"MGAT3","node_id_0",7.680200099945068,-0.45840001106262207
"MGAT4B","node_id_1",10.78439998626709,0.37709999084472656
"MGAT5","node_id_2",7.575500011444092,0.19920000433921814
"MGAT5B","node_id_3",3.4927000999450684,-0.3637999892234802
