"label","id","mRNA","methy"
"MGAT3","node_id_0",7.323800086975098,-0.17550000548362732
"MGAT4B","node_id_1",11.945699691772461,0.3849000036716461
"MGAT5","node_id_2",8.250200271606445,0.41359999775886536
"MGAT5B","node_id_3",3.004300117492676,-0.10130000114440918
