"label","id","mRNA","methy"
"MGAT3","node_id_0",8.879799842834473,0.29910001158714294
"MGAT4B","node_id_1",11.093799591064453,0.382999986410141
"MGAT5","node_id_2",8.359700202941895,0.41830000281333923
"MGAT5B","node_id_3",1.9452999830245972,-0.383899986743927
