"label","id","mRNA","methy"
"MGAT3","node_id_0",4.384099960327148,0.03970000147819519
"MGAT4B","node_id_1",11.162500381469727,0.1875
"MGAT5","node_id_2",7.854499816894531,0.3212999999523163
"MGAT5B","node_id_3",2.7492001056671143,0.024800000712275505
