"label","id","mRNA","methy"
"MGAT3","node_id_0",7.066500186920166,0.19670000672340393
"MGAT4B","node_id_1",10.948599815368652,-0.07930000126361847
"MGAT5","node_id_2",8.267399787902832,0.21150000393390656
"MGAT5B","node_id_3",6.57480001449585,-0.42089998722076416
