"label","id","mRNA","methy"
"MGAT3","node_id_0",8.139200210571289,0.3370000123977661
"MGAT4B","node_id_1",11.024200439453125,0.40790000557899475
"MGAT5","node_id_2",7.389500141143799,0.4327000081539154
"MGAT5B","node_id_3",2.976900100708008,-0.06880000233650208
