"label","id","mRNA","methy"
"MGAT3","node_id_0",9.728599548339844,-0.31369999051094055
"MGAT4B","node_id_1",11.201700210571289,0.3950999975204468
"MGAT5","node_id_2",8.960399627685547,0.3483000099658966
"MGAT5B","node_id_3",3.473099946975708,-0.37940001487731934
