"label","id","mRNA","methy"
"MGAT3","node_id_0",8.2298002243042,0.017100000753998756
"MGAT4B","node_id_1",11.429699897766113,0.38190001249313354
"MGAT5","node_id_2",7.474899768829346,0.4165000021457672
"MGAT5B","node_id_3",2.791800022125244,-0.320499986410141
