"label","id","mRNA","methy"
"MGAT3","node_id_0",8.732199668884277,-0.33660000562667847
"MGAT4B","node_id_1",11.570799827575684,0.3443000018596649
"MGAT5","node_id_2",9.059200286865234,0.43130001425743103
"MGAT5B","node_id_3",3.366300106048584,-0.3971000015735626
