"label","id","mRNA","methy"
"MGAT3","node_id_0",7.012499809265137,0.07479999959468842
"MGAT4B","node_id_1",12.515999794006348,0.39809998869895935
"MGAT5","node_id_2",5.413300037384033,0.4178999960422516
"MGAT5B","node_id_3",3.8543999195098877,-0.17679999768733978
