"label","id","mRNA","methy"
"MGAT3","node_id_0",10.157299995422363,-0.3677000105381012
"MGAT4B","node_id_1",10.716400146484375,0.420199990272522
"MGAT5","node_id_2",7.6016998291015625,0.4077000021934509
"MGAT5B","node_id_3",5.929500102996826,-0.38190001249313354
