"label","id","mRNA","methy"
"MGAT3","node_id_0",9.82040023803711,0.3100000023841858
"MGAT4B","node_id_1",10.698800086975098,0.4122999906539917
"MGAT5","node_id_2",8.69540023803711,0.40220001339912415
"MGAT5B","node_id_3",2.3970999717712402,-0.35440000891685486
