"label","id","mRNA","methy"
"MGAT3","node_id_0",7.97130012512207,0.22910000383853912
"MGAT4B","node_id_1",10.889100074768066,0.41350001096725464
"MGAT5","node_id_2",9.009599685668945,0.43540000915527344
"MGAT5B","node_id_3",2.9307000637054443,-0.10040000081062317
