"label","id","mRNA","methy"
"MGAT3","node_id_0",7.213699817657471,-0.3125
"MGAT4B","node_id_1",11.085100173950195,0.4147000014781952
"MGAT5","node_id_2",9.225199699401855,0.3400999903678894
"MGAT5B","node_id_3",4.615499973297119,-0.39969998598098755
