"label","id","mRNA","methy"
"MGAT3","node_id_0",7.663400173187256,0.0625
"MGAT4B","node_id_1",12.170100212097168,0.08479999750852585
"MGAT5","node_id_2",8.789799690246582,0.23669999837875366
"MGAT5B","node_id_3",4.60699987411499,-0.06750000268220901
