"label","id","mRNA","methy"
"MGAT3","node_id_0",6.183899879455566,-0.09860000014305115
"MGAT4B","node_id_1",10.703499794006348,0.02879999950528145
"MGAT5","node_id_2",6.86959981918335,0.08959999680519104
"MGAT5B","node_id_3",5.158100128173828,-0.10130000114440918
