"label","id","mRNA","methy"
"MGAT3","node_id_0",6.504899978637695,-0.3052999973297119
"MGAT4B","node_id_1",13.093700408935547,0.4097999930381775
"MGAT5","node_id_2",6.902500152587891,0.43549999594688416
"MGAT5B","node_id_3",3.3399999141693115,-0.400299996137619
