"label","id","mRNA","methy"
"MGAT3","node_id_0",9.0625,0.04639999940991402
"MGAT4B","node_id_1",11.015800476074219,0.436599999666214
"MGAT5","node_id_2",7.3394999504089355,0.4521999955177307
"MGAT5B","node_id_3",4.002099990844727,-0.3222000002861023
