"label","id","mRNA","methy"
"MGAT3","node_id_0",8.208999633789062,-0.32249999046325684
"MGAT4B","node_id_1",11.297800064086914,0.399399995803833
"MGAT5","node_id_2",9.416600227355957,0.39410001039505005
"MGAT5B","node_id_3",2.0908000469207764,-0.36169999837875366
