"label","id","mRNA","methy"
"MGAT3","node_id_0",9.328499794006348,-0.18979999423027039
"MGAT4B","node_id_1",10.443599700927734,0.42340001463890076
"MGAT5","node_id_2",8.161600112915039,0.22789999842643738
"MGAT5B","node_id_3",3.433000087738037,-0.3409999907016754
