"label","id","mRNA","methy"
"MGAT3","node_id_0",10.554800033569336,-0.33230000734329224
"MGAT4B","node_id_1",11.250499725341797,0.4361000061035156
"MGAT5","node_id_2",7.07390022277832,0.4090000092983246
"MGAT5B","node_id_3",2.0216000080108643,-0.39739999175071716
