"label","id","mRNA","methy"
"MGAT3","node_id_0",7.170400142669678,0.16840000450611115
"MGAT4B","node_id_1",10.885499954223633,0.41620001196861267
"MGAT5","node_id_2",8.27239990234375,0.3043999969959259
"MGAT5B","node_id_3",3.25600004196167,-0.21780000627040863
