"label","id","mRNA","methy"
"MGAT3","node_id_0",11.303999900817871,-0.1988999992609024
"MGAT4B","node_id_1",12.148900032043457,0.2912999987602234
"MGAT5","node_id_2",6.652900218963623,0.26159998774528503
"MGAT5B","node_id_3",1.8035000562667847,-0.3758000135421753
