"label","id","mRNA","methy"
"MGAT3","node_id_0",9.389800071716309,0.24740000069141388
"MGAT4B","node_id_1",11.697600364685059,0.3580000102519989
"MGAT5","node_id_2",8.72700023651123,0.39149999618530273
"MGAT5B","node_id_3",3.527400016784668,-0.2222999930381775
