"label","id","mRNA","methy"
"MGAT3","node_id_0",7.974599838256836,0.21150000393390656
"MGAT4B","node_id_1",11.152899742126465,0.4066999852657318
"MGAT5","node_id_2",8.500699996948242,0.3953999876976013
"MGAT5B","node_id_3",3.6073999404907227,-0.23929999768733978
