"label","id","mRNA","methy"
"MGAT3","node_id_0",7.815700054168701,-0.36649999022483826
"MGAT4B","node_id_1",11.4552001953125,0.3919000029563904
"MGAT5","node_id_2",8.923700332641602,0.3553999960422516
"MGAT5B","node_id_3",2.38919997215271,-0.3522999882698059
