"label","id","mRNA","methy"
"MGAT3","node_id_0",5.5767998695373535,0.2989000082015991
"MGAT4B","node_id_1",10.378299713134766,0.414900004863739
"MGAT5","node_id_2",6.876100063323975,0.41780000925064087
"MGAT5B","node_id_3",4.859799861907959,-0.34880000352859497
