"label","id","mRNA","methy"
"MGAT3","node_id_0",7.330100059509277,0.35120001435279846
"MGAT4B","node_id_1",11.711600303649902,0.3882000148296356
"MGAT5","node_id_2",8.808500289916992,0.4318999946117401
"MGAT5B","node_id_3",1.406999945640564,0.07980000227689743
