"label","id","mRNA","methy"
"MGAT3","node_id_0",9.78969955444336,-0.2190999984741211
"MGAT4B","node_id_1",11.117199897766113,0.3711000084877014
"MGAT5","node_id_2",6.5929999351501465,0.3824999928474426
"MGAT5B","node_id_3",2.7548000812530518,-0.3882000148296356
