"label","id","mRNA","methy"
"MGAT3","node_id_0",8.428099632263184,-0.3343000113964081
"MGAT4B","node_id_1",10.514100074768066,0.14390000700950623
"MGAT5","node_id_2",8.126999855041504,0.16869999468326569
"MGAT5B","node_id_3",4.444399833679199,-0.2506999969482422
