"label","id","mRNA","methy"
"MGAT3","node_id_0",11.008500099182129,-0.4562999904155731
"MGAT4B","node_id_1",11.25220012664795,-0.09300000220537186
"MGAT5","node_id_2",9.711700439453125,-0.1665000021457672
"MGAT5B","node_id_3",1.8904999494552612,-0.10029999911785126
