"label","id","mRNA","methy"
"MGAT3","node_id_0",8.392900466918945,0.0869000032544136
"MGAT4B","node_id_1",11.512900352478027,0.39149999618530273
"MGAT5","node_id_2",6.7108001708984375,0.35830000042915344
"MGAT5B","node_id_3",4.758800029754639,-0.30959999561309814
