"label","id","mRNA","methy"
"MGAT3","node_id_0",9.45740032196045,-0.17010000348091125
"MGAT4B","node_id_1",11.326600074768066,0.3736000061035156
"MGAT5","node_id_2",7.701099872589111,0.3199000060558319
"MGAT5B","node_id_3",2.1359000205993652,-0.21879999339580536
