"label","id","mRNA","methy"
"MGAT3","node_id_0",10.002699851989746,-0.195700004696846
"MGAT4B","node_id_1",11.468799591064453,0.3675999939441681
"MGAT5","node_id_2",7.729300022125244,0.42579999566078186
"MGAT5B","node_id_3",2.654599905014038,-0.20489999651908875
