"label","id","mRNA","methy"
"MGAT3","node_id_0",8.820199966430664,-0.3206999897956848
"MGAT4B","node_id_1",11.402299880981445,0.4018000066280365
"MGAT5","node_id_2",8.863200187683105,0.17409999668598175
"MGAT5B","node_id_3",2.744499921798706,-0.4260999858379364
