"label","id","mRNA","methy"
"MGAT3","node_id_0",9.637399673461914,-0.2996000051498413
"MGAT4B","node_id_1",11.907999992370605,0.36500000953674316
"MGAT5","node_id_2",8.952099800109863,0.4169999957084656
"MGAT5B","node_id_3",1.2812999486923218,-0.4041000008583069
