"label","id","mRNA","methy"
"MGAT3","node_id_0",7.027699947357178,-0.045899998396635056
"MGAT4B","node_id_1",12.101900100708008,0.33250001072883606
"MGAT5","node_id_2",8.233400344848633,0.37119999527931213
"MGAT5B","node_id_3",3.2678000926971436,-0.2971000075340271
