"label","id","mRNA","methy"
"MGAT3","node_id_0",6.196499824523926,0.12759999930858612
"MGAT4B","node_id_1",11.856499671936035,0.04659999907016754
"MGAT5","node_id_2",8.341300010681152,0.2709999978542328
"MGAT5B","node_id_3",5.567800045013428,-0.07620000094175339
