"label","id","mRNA","methy"
"MGAT3","node_id_0",6.933800220489502,-0.09539999812841415
"MGAT4B","node_id_1",11.012499809265137,0.3752000033855438
"MGAT5","node_id_2",7.867599964141846,0.42170000076293945
"MGAT5B","node_id_3",3.4551000595092773,-0.35339999198913574
