"label","id","mRNA","methy"
"MGAT3","node_id_0",8.817000389099121,-0.30709999799728394
"MGAT4B","node_id_1",10.88479995727539,0.37709999084472656
"MGAT5","node_id_2",7.656400203704834,0.30219998955726624
"MGAT5B","node_id_3",3.823499917984009,-0.41839998960494995
