"label","id","mRNA","methy"
"MGAT3","node_id_0",7.74560022354126,0.14079999923706055
"MGAT4B","node_id_1",10.964400291442871,0.38920000195503235
"MGAT5","node_id_2",8.887200355529785,0.34619998931884766
"MGAT5B","node_id_3",5.436299800872803,-0.3605000078678131
