"label","id","mRNA","methy"
"MGAT3","node_id_0",10.39680004119873,-0.4327000081539154
"MGAT4B","node_id_1",10.948800086975098,0.39910000562667847
"MGAT5","node_id_2",8.283100128173828,0.37940001487731934
"MGAT5B","node_id_3",2.5831000804901123,-0.41269999742507935
