"label","id","mRNA","methy"
"MGAT3","node_id_0",7.760300159454346,-0.328000009059906
"MGAT4B","node_id_1",11.10159969329834,0.40139999985694885
"MGAT5","node_id_2",9.075400352478027,0.38449999690055847
"MGAT5B","node_id_3",2.0720999240875244,-0.3617999851703644
