"label","id","mRNA","methy"
"MGAT3","node_id_0",7.398399829864502,0.11990000307559967
"MGAT4B","node_id_1",11.213700294494629,0.398499995470047
"MGAT5","node_id_2",7.605100154876709,0.3246999979019165
"MGAT5B","node_id_3",4.17140007019043,-0.11720000207424164
