"label","id","mRNA","methy"
"MGAT3","node_id_0",6.9847002029418945,-0.31520000100135803
"MGAT4B","node_id_1",11.622599601745605,0.3953999876976013
"MGAT5","node_id_2",8.564800262451172,0.3977999985218048
"MGAT5B","node_id_3",3.123500108718872,-0.40059998631477356
