"label","id","mRNA","methy"
"MGAT3","node_id_0",8.849300384521484,-0.17630000412464142
"MGAT4B","node_id_1",11.109199523925781,0.3513999879360199
"MGAT5","node_id_2",8.3302001953125,0.2784999907016754
"MGAT5B","node_id_3",1.729699969291687,-0.38769999146461487
