"label","id","mRNA","methy"
"MGAT3","node_id_0",5.762899875640869,-0.46219998598098755
"MGAT4B","node_id_1",10.193900108337402,-0.023099999874830246
"MGAT5","node_id_2",7.1427001953125,-0.14079999923706055
"MGAT5B","node_id_3",3.0097999572753906,-0.3720000088214874
