"label","id","mRNA","methy"
"MGAT3","node_id_0",10.332300186157227,-0.09300000220537186
"MGAT4B","node_id_1",10.792400360107422,0.4341999888420105
"MGAT5","node_id_2",8.6048002243042,0.4138000011444092
"MGAT5B","node_id_3",4.8541998863220215,-0.20600000023841858
