"label","id","mRNA","methy"
"MGAT3","node_id_0",6.326099872589111,0.43140000104904175
"MGAT4B","node_id_1",11.817000389099121,0.41179999709129333
"MGAT5","node_id_2",7.9791998863220215,0.4334000051021576
"MGAT5B","node_id_3",3.3740999698638916,-0.3037000000476837
