"label","id","mRNA","methy"
"MGAT3","node_id_0",8.120800018310547,0.16830000281333923
"MGAT4B","node_id_1",11.84060001373291,0.39340001344680786
"MGAT5","node_id_2",6.174200057983398,0.39239999651908875
"MGAT5B","node_id_3",2.2474000453948975,-0.24169999361038208
