"label","id","mRNA","methy"
"MGAT3","node_id_0",10.196700096130371,-0.35339999198913574
"MGAT4B","node_id_1",10.799300193786621,0.40290001034736633
"MGAT5","node_id_2",6.650000095367432,0.35499998927116394
"MGAT5B","node_id_3",4.981500148773193,-0.40470001101493835
