"label","id","mRNA","methy"
"MGAT3","node_id_0",10.317899703979492,-0.1881999969482422
"MGAT4B","node_id_1",11.683899879455566,0.3779999911785126
"MGAT5","node_id_2",8.519000053405762,0.3652999997138977
"MGAT5B","node_id_3",3.925800085067749,-0.11569999903440475
