"label","id","mRNA","methy"
"MGAT3","node_id_0",7.217800140380859,0.4041000008583069
"MGAT4B","node_id_1",11.95740032196045,0.39149999618530273
"MGAT5","node_id_2",7.902400016784668,0.3578000068664551
"MGAT5B","node_id_3",1.7877000570297241,-0.257999986410141
