"label","id","mRNA","methy"
"MGAT3","node_id_0",6.22760009765625,-0.3140000104904175
"MGAT4B","node_id_1",10.746600151062012,0.38029998540878296
"MGAT5","node_id_2",10.27239990234375,-0.026499999687075615
"MGAT5B","node_id_3",1.229200005531311,-0.37599998712539673
