"label","id","mRNA","methy"
"MGAT3","node_id_0",5.739099979400635,-0.2076999992132187
"MGAT4B","node_id_1",11.138699531555176,0.43220001459121704
"MGAT5","node_id_2",7.902299880981445,0.22390000522136688
"MGAT5B","node_id_3",2.1161000728607178,-0.41440001130104065
