"label","id","mRNA","methy"
"MGAT3","node_id_0",4.986499786376953,0.32519999146461487
"MGAT4B","node_id_1",11.51930046081543,0.4683000147342682
"MGAT5","node_id_2",8.721099853515625,0.195700004696846
"MGAT5B","node_id_3",4.933800220489502,-0.3098999857902527
