"label","id","mRNA","methy"
"MGAT3","node_id_0",6.749199867248535,-0.41659998893737793
"MGAT4B","node_id_1",12.331299781799316,0.4018999934196472
"MGAT5","node_id_2",6.836900234222412,0.41850000619888306
"MGAT5B","node_id_3",1.5046000480651855,-0.42719998955726624
