"label","id","mRNA","methy"
"MGAT3","node_id_0",7.72130012512207,-0.3968000113964081
"MGAT4B","node_id_1",10.404800415039062,0.39160001277923584
"MGAT5","node_id_2",2.7727999687194824,0.3896999955177307
"MGAT5B","node_id_3",3.5237998962402344,-0.4341000020503998
