"label","id","mRNA","methy"
"MGAT3","node_id_0",6.184700012207031,0.23199999332427979
"MGAT4B","node_id_1",10.450799942016602,0.43540000915527344
"MGAT5","node_id_2",7.148900032043457,0.35429999232292175
"MGAT5B","node_id_3",5.952400207519531,-0.3910999894142151
