"label","id","mRNA","methy"
"MGAT3","node_id_0",5.422500133514404,-0.016100000590085983
"MGAT4B","node_id_1",10.199700355529785,0.04809999838471413
"MGAT5","node_id_2",6.894100189208984,0.2971999943256378
"MGAT5B","node_id_3",2.333899974822998,-0.05959999933838844
