"label","id","mRNA","methy"
"MGAT3","node_id_0",5.756499767303467,0.2791999876499176
"MGAT4B","node_id_1",11.4443998336792,0.32670000195503235
"MGAT5","node_id_2",7.818999767303467,0.25780001282691956
"MGAT5B","node_id_3",2.2892000675201416,-0.24529999494552612
