"label","id","mRNA","methy"
"MGAT3","node_id_0",10.442700386047363,-0.2775999903678894
"MGAT4B","node_id_1",11.26830005645752,0.4034999907016754
"MGAT5","node_id_2",9.629199981689453,0.40959998965263367
"MGAT5B","node_id_3",1.757599949836731,-0.18129999935626984
