"label","id","mRNA","methy"
"MGAT3","node_id_0",5.151400089263916,-0.19519999623298645
"MGAT4B","node_id_1",12.698200225830078,0.36739999055862427
"MGAT5","node_id_2",2.2248001098632812,0.3668000102043152
"MGAT5B","node_id_3",2.6191999912261963,-0.37700000405311584
