"label","id","mRNA","methy"
"MGAT3","node_id_0",8.400699615478516,0.32910001277923584
"MGAT4B","node_id_1",11.178999900817871,0.413100004196167
"MGAT5","node_id_2",8.268500328063965,0.39820000529289246
"MGAT5B","node_id_3",3.00219988822937,-0.265500009059906
