"label","id","mRNA","methy"
"MGAT3","node_id_0",9.253700256347656,-0.24899999797344208
"MGAT4B","node_id_1",10.680500030517578,0.37619999051094055
"MGAT5","node_id_2",7.728600025177002,0.3244999945163727
"MGAT5B","node_id_3",3.5048999786376953,-0.41339999437332153
