"label","id","mRNA","methy"
"MGAT3","node_id_0",11.550800323486328,-0.2985000014305115
"MGAT4B","node_id_1",11.416299819946289,0.34360000491142273
"MGAT5","node_id_2",9.267999649047852,0.2930999994277954
"MGAT5B","node_id_3",3.5459001064300537,-0.38769999146461487
