"label","id","mRNA","methy"
"MGAT3","node_id_0",9.65250015258789,-0.188400000333786
"MGAT4B","node_id_1",11.762100219726562,0.39010000228881836
"MGAT5","node_id_2",7.456900119781494,0.3619000017642975
"MGAT5B","node_id_3",3.441800117492676,-0.10199999809265137
