"label","id","mRNA","methy"
"MGAT3","node_id_0",7.149400234222412,-0.05009999871253967
"MGAT4B","node_id_1",11.569700241088867,0.38960000872612
"MGAT5","node_id_2",8.064800262451172,0.35089999437332153
"MGAT5B","node_id_3",3.871999979019165,-0.2370000034570694
