"label","id","mRNA","methy"
"MGAT3","node_id_0",7.755199909210205,-0.3476000130176544
"MGAT4B","node_id_1",11.452300071716309,0.4050999879837036
"MGAT5","node_id_2",8.927599906921387,0.2930000126361847
"MGAT5B","node_id_3",3.005500078201294,-0.34769999980926514
