"label","id","mRNA","methy"
"MGAT3","node_id_0",8.080900192260742,-0.11990000307559967
"MGAT4B","node_id_1",11.363699913024902,0.415800005197525
"MGAT5","node_id_2",7.81820011138916,0.34380000829696655
"MGAT5B","node_id_3",2.9742000102996826,-0.36660000681877136
