"label","id","mRNA","methy"
"MGAT3","node_id_0",6.690700054168701,0.0020000000949949026
"MGAT4B","node_id_1",12.00790023803711,0.4050999879837036
"MGAT5","node_id_2",8.294300079345703,0.4034999907016754
"MGAT5B","node_id_3",2.065500020980835,-0.10180000215768814
