"label","id","mRNA","methy"
"MGAT3","node_id_0",6.877600193023682,0.21570000052452087
"MGAT4B","node_id_1",10.58180046081543,0.35100001096725464
"MGAT5","node_id_2",8.260199546813965,0.3215000033378601
"MGAT5B","node_id_3",4.165800094604492,-0.3334999978542328
