"label","id","mRNA","methy"
"MGAT3","node_id_0",10.504400253295898,-0.3546999990940094
"MGAT4B","node_id_1",11.6141996383667,0.3873000144958496
"MGAT5","node_id_2",6.4116997718811035,0.36660000681877136
"MGAT5B","node_id_3",3.3980000019073486,-0.39259999990463257
