"label","id","mRNA","methy"
"MGAT3","node_id_0",9.07759952545166,-0.39719998836517334
"MGAT4B","node_id_1",10.937899589538574,0.4153999984264374
"MGAT5","node_id_2",8.750800132751465,0.373199999332428
"MGAT5B","node_id_3",3.2690000534057617,-0.4142000079154968
