"label","id","mRNA","methy"
"MGAT3","node_id_0",9.083999633789062,-0.4228000044822693
"MGAT4B","node_id_1",10.388299942016602,0.3912999927997589
"MGAT5","node_id_2",5.7444000244140625,0.3749000132083893
"MGAT5B","node_id_3",3.4340999126434326,-0.2004999965429306
