"label","id","mRNA","methy"
"MGAT3","node_id_0",8.812100410461426,0.045899998396635056
"MGAT4B","node_id_1",11.887299537658691,0.3797000050544739
"MGAT5","node_id_2",7.098700046539307,0.36570000648498535
"MGAT5B","node_id_3",3.8287999629974365,-0.2904999852180481
