"label","id","mRNA","methy"
"MGAT3","node_id_0",9.512299537658691,-0.4174000024795532
"MGAT4B","node_id_1",11.006400108337402,0.37290000915527344
"MGAT5","node_id_2",7.792200088500977,0.41110000014305115
"MGAT5B","node_id_3",4.341599941253662,-0.38179999589920044
