"label","id","mRNA","methy"
"MGAT3","node_id_0",4.474400043487549,0.35040000081062317
"MGAT4B","node_id_1",11.109999656677246,0.40799999237060547
"MGAT5","node_id_2",8.334500312805176,0.35089999437332153
"MGAT5B","node_id_3",5.95959997177124,-0.10719999670982361
