"label","id","mRNA","methy"
"MGAT3","node_id_0",5.696300029754639,0.10180000215768814
"MGAT4B","node_id_1",10.18589973449707,0.4505999982357025
"MGAT5","node_id_2",7.005799770355225,0.2948000133037567
"MGAT5B","node_id_3",5.0929999351501465,-0.3767000138759613
