"label","id","mRNA","methy"
"MGAT3","node_id_0",9.80210018157959,-0.45410001277923584
"MGAT4B","node_id_1",12.77560043334961,-0.0729999989271164
"MGAT5","node_id_2",9.598799705505371,-0.0272000003606081
"MGAT5B","node_id_3",1.798799991607666,-0.12489999830722809
