"label","id","mRNA","methy"
"MGAT3","node_id_0",5.440299987792969,0.25380000472068787
"MGAT4B","node_id_1",10.260000228881836,0.36800000071525574
"MGAT5","node_id_2",9.008999824523926,0.30489999055862427
"MGAT5B","node_id_3",4.017099857330322,-0.4311000108718872
