"label","id","mRNA","methy"
"MGAT3","node_id_0",7.723800182342529,0.2370000034570694
"MGAT4B","node_id_1",11.844900131225586,-0.10620000213384628
"MGAT5","node_id_2",9.631999969482422,-0.11460000276565552
"MGAT5B","node_id_3",2.263700008392334,-0.20329999923706055
