"label","id","mRNA","methy"
"MGAT3","node_id_0",9.514800071716309,-0.2590999901294708
"MGAT4B","node_id_1",10.834400177001953,0.36730000376701355
"MGAT5","node_id_2",6.7789998054504395,0.41260001063346863
"MGAT5B","node_id_3",3.1666998863220215,-0.13910000026226044
