"label","id","mRNA","methy"
"MGAT3","node_id_0",9.842900276184082,-0.20640000700950623
"MGAT4B","node_id_1",11.297499656677246,0.3903999924659729
"MGAT5","node_id_2",6.264599800109863,0.4458000063896179
"MGAT5B","node_id_3",2.4586000442504883,-0.32519999146461487
