"label","id","mRNA","methy"
"MGAT3","node_id_0",7.604000091552734,0.1876000016927719
"MGAT4B","node_id_1",10.080699920654297,0.36579999327659607
"MGAT5","node_id_2",8.534199714660645,0.16279999911785126
"MGAT5B","node_id_3",3.60479998588562,-0.16189999878406525
