"label","id","mRNA","methy"
"MGAT3","node_id_0",11.277799606323242,-0.15230000019073486
"MGAT4B","node_id_1",10.786999702453613,0.4018999934196472
"MGAT5","node_id_2",8.185199737548828,0.37610000371932983
"MGAT5B","node_id_3",3.0882999897003174,-0.34630000591278076
