"label","id","mRNA","methy"
"MGAT3","node_id_0",5.748300075531006,0.2587999999523163
"MGAT4B","node_id_1",10.575699806213379,0.3928999900817871
"MGAT5","node_id_2",9.208900451660156,0.361299991607666
"MGAT5B","node_id_3",7.720900058746338,-0.4462999999523163
