"label","id","mRNA","methy"
"MGAT3","node_id_0",9.969400405883789,-0.41190001368522644
"MGAT4B","node_id_1",11.378600120544434,0.4104999899864197
"MGAT5","node_id_2",8.0625,0.2831000089645386
"MGAT5B","node_id_3",4.192200183868408,-0.4408000111579895
