"label","id","mRNA","methy"
"MGAT3","node_id_0",7.566400051116943,0.4072999954223633
"MGAT4B","node_id_1",11.577699661254883,0.36800000071525574
"MGAT5","node_id_2",5.783899784088135,0.4368000030517578
"MGAT5B","node_id_3",2.6442999839782715,-0.01080000028014183
