"label","id","mRNA","methy"
"MGAT3","node_id_0",7.744200229644775,0.18170000612735748
"MGAT4B","node_id_1",11.75629997253418,0.36169999837875366
"MGAT5","node_id_2",8.246000289916992,0.36410000920295715
"MGAT5B","node_id_3",3.5446999073028564,-0.3314000070095062
