"label","id","mRNA","methy"
"MGAT3","node_id_0",5.680699825286865,-0.42500001192092896
"MGAT4B","node_id_1",10.961700439453125,0.2572999894618988
"MGAT5","node_id_2",6.85290002822876,0.25220000743865967
"MGAT5B","node_id_3",4.920599937438965,-0.1103999987244606
