"label","id","mRNA","methy"
"MGAT3","node_id_0",4.729300022125244,0.027899999171495438
"MGAT4B","node_id_1",11.42020034790039,-0.07769999653100967
"MGAT5","node_id_2",7.816100120544434,0.22460000216960907
"MGAT5B","node_id_3",1.228700041770935,0.06599999964237213
