"label","id","mRNA","methy"
"MGAT3","node_id_0",7.793600082397461,0.24300000071525574
"MGAT4B","node_id_1",12.565999984741211,0.3176000118255615
"MGAT5","node_id_2",8.554800033569336,0.25699999928474426
"MGAT5B","node_id_3",4.052299976348877,-0.2809999883174896
