"label","id","mRNA","methy"
"MGAT3","node_id_0",6.9475998878479,-0.1784999966621399
"MGAT4B","node_id_1",11.367899894714355,0.3919000029563904
"MGAT5","node_id_2",5.611299991607666,0.16040000319480896
"MGAT5B","node_id_3",3.756500005722046,-0.2517000138759613
