"label","id","mRNA","methy"
"MGAT3","node_id_0",9.944499969482422,0.27869999408721924
"MGAT4B","node_id_1",11.40429973602295,0.3709000051021576
"MGAT5","node_id_2",7.53000020980835,0.42989999055862427
"MGAT5B","node_id_3",4.0954999923706055,-0.049400001764297485
