"label","id","mRNA","methy"
"MGAT3","node_id_0",10.207300186157227,0.04740000143647194
"MGAT4B","node_id_1",11.973999977111816,0.3978999853134155
"MGAT5","node_id_2",8.250399589538574,0.3797999918460846
"MGAT5B","node_id_3",3.0243000984191895,-0.42989999055862427
