"label","id","mRNA","methy"
"MGAT3","node_id_0",9.887999534606934,-0.3352000117301941
"MGAT4B","node_id_1",11.612500190734863,0.36489999294281006
"MGAT5","node_id_2",8.464699745178223,0.3598000109195709
"MGAT5B","node_id_3",4.156700134277344,-0.12549999356269836
