"label","id","mRNA","methy"
"MGAT3","node_id_0",9.663299560546875,-0.27559998631477356
"MGAT4B","node_id_1",11.208200454711914,0.43130001425743103
"MGAT5","node_id_2",8.871199607849121,0.3865000009536743
"MGAT5B","node_id_3",3.1989998817443848,-0.43459999561309814
