"label","id","mRNA","methy"
"MGAT3","node_id_0",7.963200092315674,-0.37059998512268066
"MGAT4B","node_id_1",10.765299797058105,0.42480000853538513
"MGAT5","node_id_2",8.686300277709961,0.22050000727176666
"MGAT5B","node_id_3",2.829699993133545,-0.37369999289512634
