"label","id","mRNA","methy"
"MGAT3","node_id_0",8.771100044250488,0.05719999969005585
"MGAT4B","node_id_1",11.111800193786621,0.43059998750686646
"MGAT5","node_id_2",7.4695000648498535,0.39320001006126404
"MGAT5B","node_id_3",5.9222002029418945,-0.179299995303154
