"label","id","mRNA","methy"
"MGAT3","node_id_0",6.520899772644043,0.26499998569488525
"MGAT4B","node_id_1",10.463800430297852,0.44510000944137573
"MGAT5","node_id_2",7.777299880981445,0.33469998836517334
"MGAT5B","node_id_3",4.040900230407715,-0.33799999952316284
