"label","id","mRNA","methy"
"MGAT3","node_id_0",7.439700126647949,0.16869999468326569
"MGAT4B","node_id_1",10.41819953918457,0.4390000104904175
"MGAT5","node_id_2",8.649399757385254,0.3878999948501587
"MGAT5B","node_id_3",5.208399772644043,-0.2493000030517578
