"label","id","mRNA","methy"
"MGAT3","node_id_0",7.872900009155273,-0.13899999856948853
"MGAT4B","node_id_1",11.5516996383667,0.37439998984336853
"MGAT5","node_id_2",8.60990047454834,0.2858000099658966
"MGAT5B","node_id_3",2.2342000007629395,-0.25859999656677246
