"label","id","mRNA","methy"
"MGAT3","node_id_0",10.791299819946289,-0.08500000089406967
"MGAT4B","node_id_1",11.276900291442871,0.3885999917984009
"MGAT5","node_id_2",6.663400173187256,0.4309000074863434
"MGAT5B","node_id_3",2.3815999031066895,-0.30390000343322754
