"label","id","mRNA","methy"
"MGAT3","node_id_0",7.7164998054504395,-0.0284000001847744
"MGAT4B","node_id_1",11.171899795532227,0.40119999647140503
"MGAT5","node_id_2",7.216100215911865,0.3686999976634979
"MGAT5B","node_id_3",3.38100004196167,-0.34220001101493835
