"label","id","mRNA","methy"
"MGAT3","node_id_0",4.823200225830078,0.3167000114917755
"MGAT4B","node_id_1",10.913000106811523,0.43479999899864197
"MGAT5","node_id_2",9.166099548339844,-0.12939999997615814
"MGAT5B","node_id_3",6.060299873352051,-0.3449999988079071
