"label","id","mRNA","methy"
"MGAT3","node_id_0",6.251800060272217,0.3109999895095825
"MGAT4B","node_id_1",10.316100120544434,0.3903000056743622
"MGAT5","node_id_2",8.692399978637695,0.3880999982357025
"MGAT5B","node_id_3",3.059499979019165,-0.38089999556541443
