"label","id","mRNA","methy"
"MGAT3","node_id_0",7.323200225830078,0.28040000796318054
"MGAT4B","node_id_1",11.359800338745117,0.131400004029274
"MGAT5","node_id_2",5.605599880218506,0.1509000062942505
"MGAT5B","node_id_3",5.95989990234375,-0.15800000727176666
