"label","id","mRNA","methy"
"MGAT3","node_id_0",7.479800224304199,-0.09920000284910202
"MGAT4B","node_id_1",11.097200393676758,0.41530001163482666
"MGAT5","node_id_2",8.380999565124512,0.34299999475479126
"MGAT5B","node_id_3",3.370500087738037,-0.3901999890804291
