"label","id","mRNA","methy"
"MGAT3","node_id_0",2.5653998851776123,0.25110000371932983
"MGAT4B","node_id_1",9.73270034790039,0.42800000309944153
"MGAT5","node_id_2",8.516300201416016,0.31850001215934753
"MGAT5B","node_id_3",5.518799781799316,-0.37389999628067017
