"label","id","mRNA","methy"
"MGAT3","node_id_0",9.11139965057373,-0.19990000128746033
"MGAT4B","node_id_1",11.323100090026855,0.4081000089645386
"MGAT5","node_id_2",7.859000205993652,0.41839998960494995
"MGAT5B","node_id_3",2.488300085067749,0.0860000029206276
