"label","id","mRNA","methy"
"MGAT3","node_id_0",5.695899963378906,0.31459999084472656
"MGAT4B","node_id_1",11.455100059509277,0.4553000032901764
"MGAT5","node_id_2",8.984199523925781,0.4555000066757202
"MGAT5B","node_id_3",1.1212999820709229,0.18520000576972961
