"label","id","mRNA","methy"
"MGAT3","node_id_0",7.334700107574463,0.3107999861240387
"MGAT4B","node_id_1",11.96780014038086,0.3790999948978424
"MGAT5","node_id_2",6.524600028991699,0.3626999855041504
"MGAT5B","node_id_3",3.062700033187866,-0.08030000329017639
