"label","id","mRNA","methy"
"MGAT3","node_id_0",6.910099983215332,0.055799998342990875
"MGAT4B","node_id_1",11.204000473022461,0.031099999323487282
"MGAT5","node_id_2",9.188799858093262,0.11490000039339066
"MGAT5B","node_id_3",2.9126999378204346,-0.28380000591278076
