"label","id","mRNA","methy"
"MGAT3","node_id_0",6.916100025177002,0.1768999993801117
"MGAT4B","node_id_1",10.968500137329102,0.44350001215934753
"MGAT5","node_id_2",6.664899826049805,0.26030001044273376
"MGAT5B","node_id_3",1.2117999792099,-0.02879999950528145
