"label","id","mRNA","methy"
"MGAT3","node_id_0",10.302599906921387,-0.38749998807907104
"MGAT4B","node_id_1",11.106100082397461,0.3822999894618988
"MGAT5","node_id_2",7.340000152587891,0.3237000107765198
"MGAT5B","node_id_3",3.4195001125335693,-0.41280001401901245
