"label","id","mRNA","methy"
"MGAT3","node_id_0",10.43809986114502,-0.22930000722408295
"MGAT4B","node_id_1",11.25790023803711,0.4133000075817108
"MGAT5","node_id_2",7.223400115966797,0.4194999933242798
"MGAT5B","node_id_3",5.184199810028076,-0.038100000470876694
