"label","id","mRNA","methy"
"MGAT3","node_id_0",9.352899551391602,-0.13580000400543213
"MGAT4B","node_id_1",11.166600227355957,0.3481999933719635
"MGAT5","node_id_2",9.40999984741211,0.3750999867916107
"MGAT5B","node_id_3",3.7590999603271484,-0.19470000267028809
