"label","id","mRNA","methy"
"MGAT3","node_id_0",11.019800186157227,-0.19850000739097595
"MGAT4B","node_id_1",11.532600402832031,0.396699994802475
"MGAT5","node_id_2",7.780399799346924,0.32659998536109924
"MGAT5B","node_id_3",4.060999870300293,-0.4260999858379364
