"label","id","mRNA","methy"
"MGAT3","node_id_0",9.403599739074707,-0.2980000078678131
"MGAT4B","node_id_1",11.544300079345703,0.41499999165534973
"MGAT5","node_id_2",3.531899929046631,0.4138000011444092
"MGAT5B","node_id_3",2.7578001022338867,-0.3725999891757965
