"label","id","mRNA","methy"
"MGAT3","node_id_0",11.847700119018555,-0.10740000009536743
"MGAT4B","node_id_1",11.115099906921387,0.3531000018119812
"MGAT5","node_id_2",5.359300136566162,0.38179999589920044
"MGAT5B","node_id_3",2.7293999195098877,-0.1395999938249588
