"label","id","mRNA","methy"
"MGAT3","node_id_0",5.863100051879883,0.29739999771118164
"MGAT4B","node_id_1",9.999899864196777,0.4560000002384186
"MGAT5","node_id_2",6.985300064086914,0.31520000100135803
"MGAT5B","node_id_3",2.1333000659942627,-0.01600000075995922
