"label","id","mRNA","methy"
"MGAT3","node_id_0",10.837400436401367,-0.4629000127315521
"MGAT4B","node_id_1",12.07610034942627,0.0625
"MGAT5","node_id_2",8.581399917602539,0.048900000751018524
"MGAT5B","node_id_3",4.063899993896484,-0.2705000042915344
