"label","id","mRNA","methy"
"MGAT3","node_id_0",9.76449966430664,-0.47609999775886536
"MGAT4B","node_id_1",11.076600074768066,0.10100000351667404
"MGAT5","node_id_2",7.685999870300293,0.04050000011920929
"MGAT5B","node_id_3",5.365699768066406,-0.3977999985218048
