"label","id","mRNA","methy"
"MGAT3","node_id_0",11.569899559020996,-0.22360000014305115
"MGAT4B","node_id_1",11.475899696350098,0.39899998903274536
"MGAT5","node_id_2",8.085000038146973,0.4496999979019165
"MGAT5B","node_id_3",0.6876999735832214,-0.23589999973773956
