"label","id","mRNA","methy"
"MGAT3","node_id_0",7.298699855804443,0.08179999887943268
"MGAT4B","node_id_1",10.049099922180176,0.42399999499320984
"MGAT5","node_id_2",7.322500228881836,0.37860000133514404
"MGAT5B","node_id_3",3.206899881362915,-0.18459999561309814
