"label","id","mRNA","methy"
"MGAT3","node_id_0",9.290599822998047,0.16689999401569366
"MGAT4B","node_id_1",11.318699836730957,0.4153999984264374
"MGAT5","node_id_2",9.071599960327148,0.35830000042915344
"MGAT5B","node_id_3",3.0794999599456787,-0.3418000042438507
