"label","id","mRNA","methy"
"MGAT3","node_id_0",6.528299808502197,-0.12039999663829803
"MGAT4B","node_id_1",8.616600036621094,0.3986000120639801
"MGAT5","node_id_2",8.160799980163574,0.16609999537467957
"MGAT5B","node_id_3",1.8818000555038452,-0.3555999994277954
