"label","id","mRNA","methy"
"MGAT3","node_id_0",5.611199855804443,0.23919999599456787
"MGAT4B","node_id_1",10.181599617004395,0.445499986410141
"MGAT5","node_id_2",8.626799583435059,0.39070001244544983
"MGAT5B","node_id_3",3.0873000621795654,-0.36899998784065247
