"label","id","mRNA","methy"
"MGAT3","node_id_0",9.369000434875488,0.07280000299215317
"MGAT4B","node_id_1",11.726200103759766,0.41100001335144043
"MGAT5","node_id_2",8.461400032043457,0.4203000068664551
"MGAT5B","node_id_3",1.9227999448776245,-0.2879999876022339
