"label","id","mRNA","methy"
"MGAT3","node_id_0",7.727700233459473,0.10199999809265137
"MGAT4B","node_id_1",11.487199783325195,0.41990000009536743
"MGAT5","node_id_2",8.31779956817627,0.3779999911785126
"MGAT5B","node_id_3",3.6357998847961426,-0.17560000717639923
