"label","id","mRNA","methy"
"MGAT3","node_id_0",6.702499866485596,0.25049999356269836
"MGAT4B","node_id_1",10.546500205993652,0.4332999885082245
"MGAT5","node_id_2",8.734999656677246,0.2888000011444092
"MGAT5B","node_id_3",4.468699932098389,-0.3253999948501587
