"label","id","mRNA","methy"
"MGAT3","node_id_0",10.20829963684082,-0.043299999088048935
"MGAT4B","node_id_1",11.673800468444824,0.3977999985218048
"MGAT5","node_id_2",8.238900184631348,0.3118000030517578
"MGAT5B","node_id_3",2.3190999031066895,-0.31940001249313354
