"label","id","mRNA","methy"
"MGAT3","node_id_0",7.7642998695373535,-0.09849999845027924
"MGAT4B","node_id_1",11.941399574279785,0.3959999978542328
"MGAT5","node_id_2",8.50629997253418,0.2953000068664551
"MGAT5B","node_id_3",3.5137999057769775,-0.18029999732971191
