"label","id","mRNA","methy"
"MGAT3","node_id_0",6.282700061798096,0.19370000064373016
"MGAT4B","node_id_1",11.538100242614746,-0.009999999776482582
"MGAT5","node_id_2",6.379899978637695,0.2939999997615814
"MGAT5B","node_id_3",4.384799957275391,-0.40059998631477356
