"label","id","mRNA","methy"
"MGAT3","node_id_0",9.196999549865723,-0.2572000026702881
"MGAT4B","node_id_1",11.283300399780273,0.3734999895095825
"MGAT5","node_id_2",7.9857001304626465,0.39750000834465027
"MGAT5B","node_id_3",3.343100070953369,-0.3643999993801117
