"label","id","mRNA","methy"
"MGAT3","node_id_0",9.174699783325195,-0.3555999994277954
"MGAT4B","node_id_1",11.629599571228027,0.3386000096797943
"MGAT5","node_id_2",8.848899841308594,0.3862999975681305
"MGAT5B","node_id_3",3.381500005722046,-0.33739998936653137
