"label","id","mRNA","methy"
"MGAT3","node_id_0",9.695300102233887,-0.35040000081062317
"MGAT4B","node_id_1",11.675600051879883,0.3666999936103821
"MGAT5","node_id_2",6.5030999183654785,0.3337000012397766
"MGAT5B","node_id_3",4.060200214385986,-0.22699999809265137
