"label","id","mRNA","methy"
"MGAT3","node_id_0",9.20680046081543,-0.11320000141859055
"MGAT4B","node_id_1",11.197799682617188,0.39010000228881836
"MGAT5","node_id_2",7.90339994430542,0.41260001063346863
"MGAT5B","node_id_3",4.58489990234375,-0.12460000067949295
