"label","id","mRNA","methy"
"MGAT3","node_id_0",10.730899810791016,-0.0892999991774559
"MGAT4B","node_id_1",11.210000038146973,0.41339999437332153
"MGAT5","node_id_2",7.0528998374938965,0.4153999984264374
"MGAT5B","node_id_3",4.208899974822998,-0.1655000001192093
