"label","id","mRNA","methy"
"MGAT3","node_id_0",10.126399993896484,-0.41190001368522644
"MGAT4B","node_id_1",11.780799865722656,0.250900000333786
"MGAT5","node_id_2",6.530300140380859,0.40070000290870667
"MGAT5B","node_id_3",5.812600135803223,-0.32420000433921814
