"label","id","mRNA","methy"
"MGAT3","node_id_0",7.684899806976318,-0.44830000400543213
"MGAT4B","node_id_1",11.069600105285645,0.38449999690055847
"MGAT5","node_id_2",4.441999912261963,0.4036000072956085
"MGAT5B","node_id_3",4.981200218200684,-0.40049999952316284
