"label","id","mRNA","methy"
"MGAT3","node_id_0",9.869199752807617,-0.31220000982284546
"MGAT4B","node_id_1",11.192000389099121,0.3944999873638153
"MGAT5","node_id_2",9.234399795532227,-0.08160000294446945
"MGAT5B","node_id_3",4.1605000495910645,-0.4212999939918518
