"label","id","mRNA","methy"
"MGAT3","node_id_0",7.047999858856201,0.3497999906539917
"MGAT4B","node_id_1",11.958200454711914,0.4106000065803528
"MGAT5","node_id_2",6.318299770355225,0.22290000319480896
"MGAT5B","node_id_3",1.541100025177002,-0.40209999680519104
