"label","id","mRNA","methy"
"MGAT3","node_id_0",6.863900184631348,0.12399999797344208
"MGAT4B","node_id_1",11.070899963378906,0.4327999949455261
"MGAT5","node_id_2",6.215000152587891,0.23309999704360962
"MGAT5B","node_id_3",3.4291000366210938,-0.35530000925064087
