"label","id","mRNA","methy"
"MGAT3","node_id_0",9.181099891662598,-0.249099999666214
"MGAT4B","node_id_1",11.53909969329834,0.39640000462532043
"MGAT5","node_id_2",7.045300006866455,0.23100000619888306
"MGAT5B","node_id_3",3.765199899673462,-0.3303999900817871
