"label","id","mRNA","methy"
"MGAT3","node_id_0",5.10860013961792,-0.4828000068664551
"MGAT4B","node_id_1",11.087900161743164,-0.10239999741315842
"MGAT5","node_id_2",7.282599925994873,0.26980000734329224
"MGAT5B","node_id_3",1.792199969291687,-0.2734000086784363
