"label","id","mRNA","methy"
"MGAT3","node_id_0",4.4816999435424805,0.3752000033855438
"MGAT4B","node_id_1",9.099699974060059,0.4092000126838684
"MGAT5","node_id_2",7.327700138092041,0.4000000059604645
"MGAT5B","node_id_3",1.436900019645691,-0.0892999991774559
