"label","id","mRNA","methy"
"MGAT3","node_id_0",7.431700229644775,0.26159998774528503
"MGAT4B","node_id_1",10.58650016784668,0.412200003862381
"MGAT5","node_id_2",8.56470012664795,0.44269999861717224
"MGAT5B","node_id_3",1.976099967956543,0.0024999999441206455
