"label","id","mRNA","methy"
"MGAT3","node_id_0",6.545000076293945,0.17839999496936798
"MGAT4B","node_id_1",10.770299911499023,0.4081999957561493
"MGAT5","node_id_2",6.686299800872803,0.3001999855041504
"MGAT5B","node_id_3",4.798999786376953,-0.08229999989271164
