"label","id","mRNA","methy"
"MGAT3","node_id_0",8.100199699401855,0.09390000253915787
"MGAT4B","node_id_1",11.722000122070312,0.4219000041484833
"MGAT5","node_id_2",5.0167999267578125,0.3928999900817871
"MGAT5B","node_id_3",4.1645002365112305,-0.21930000185966492
