"label","id","mRNA","methy"
"MGAT3","node_id_0",9.483499526977539,-0.22859999537467957
"MGAT4B","node_id_1",10.991700172424316,0.40400001406669617
"MGAT5","node_id_2",8.524800300598145,0.16339999437332153
"MGAT5B","node_id_3",4.686600208282471,-0.35760000348091125
