"label","id","mRNA","methy"
"MGAT3","node_id_0",9.18120002746582,-0.10450000315904617
"MGAT4B","node_id_1",10.62909984588623,0.38909998536109924
"MGAT5","node_id_2",7.193900108337402,0.42480000853538513
"MGAT5B","node_id_3",2.64520001411438,-0.11209999769926071
