"label","id","mRNA","methy"
"MGAT3","node_id_0",8.599800109863281,-0.16680000722408295
"MGAT4B","node_id_1",10.777799606323242,0.34630000591278076
"MGAT5","node_id_2",6.533299922943115,0.39730000495910645
"MGAT5B","node_id_3",3.491499900817871,-0.10339999943971634
