"label","id","mRNA","methy"
"MGAT3","node_id_0",7.738100051879883,0.31869998574256897
"MGAT4B","node_id_1",12.699999809265137,0.3797000050544739
"MGAT5","node_id_2",5.62939977645874,0.40560001134872437
"MGAT5B","node_id_3",3.1698999404907227,-0.11710000038146973
