"label","id","mRNA","methy"
"MGAT3","node_id_0",6.819300174713135,0.06700000166893005
"MGAT4B","node_id_1",12.621600151062012,0.39739999175071716
"MGAT5","node_id_2",8.036299705505371,0.36500000953674316
"MGAT5B","node_id_3",2.556299924850464,-0.12389999628067017
