"label","id","mRNA","methy"
"MGAT3","node_id_0",5.093500137329102,-0.45829999446868896
"MGAT4B","node_id_1",11.178899765014648,0.41029998660087585
"MGAT5","node_id_2",8.003199577331543,-0.27970001101493835
"MGAT5B","node_id_3",1.1857000589370728,-0.4433000087738037
