"label","id","mRNA","methy"
"MGAT3","node_id_0",5.4903998374938965,-0.4311999976634979
"MGAT4B","node_id_1",10.86620044708252,0.38190001249313354
"MGAT5","node_id_2",10.523599624633789,0.42899999022483826
"MGAT5B","node_id_3",3.3206000328063965,-0.2547000050544739
