"label","id","mRNA","methy"
"MGAT3","node_id_0",8.27280044555664,-0.21379999816417694
"MGAT4B","node_id_1",10.636899948120117,0.4043000042438507
"MGAT5","node_id_2",7.49399995803833,0.37779998779296875
"MGAT5B","node_id_3",4.377600193023682,-0.4316999912261963
