"label","id","mRNA","methy"
"MGAT3","node_id_0",7.561600208282471,-0.06909999996423721
"MGAT4B","node_id_1",10.847900390625,0.4334999918937683
"MGAT5","node_id_2",8.4552001953125,0.3571000099182129
"MGAT5B","node_id_3",2.8457999229431152,-0.39010000228881836
