"label","id","mRNA","methy"
"MGAT3","node_id_0",10.3149995803833,-0.19900000095367432
"MGAT4B","node_id_1",11.69629955291748,0.27410000562667847
"MGAT5","node_id_2",7.612500190734863,0.4065999984741211
"MGAT5B","node_id_3",3.3940999507904053,-0.4172999858856201
