"label","id","mRNA","methy"
"MGAT3","node_id_0",6.033599853515625,0.2953999936580658
"MGAT4B","node_id_1",11.463800430297852,-0.05460000038146973
"MGAT5","node_id_2",8.064200401306152,0.28929999470710754
"MGAT5B","node_id_3",1.563099980354309,-0.2711000144481659
