"label","id","mRNA","methy"
"MGAT3","node_id_0",8.213600158691406,0.0966000035405159
"MGAT4B","node_id_1",12.228899955749512,0.3788999915122986
"MGAT5","node_id_2",8.721400260925293,0.32510000467300415
"MGAT5B","node_id_3",2.932300090789795,-0.38190001249313354
