"label","id","mRNA","methy"
"MGAT3","node_id_0",4.6504998207092285,-0.3878999948501587
"MGAT4B","node_id_1",10.170999526977539,0.38420000672340393
"MGAT5","node_id_2",6.0954999923706055,0.2386000007390976
"MGAT5B","node_id_3",7.756700038909912,-0.45669999718666077
