"label","id","mRNA","methy"
"MGAT3","node_id_0",6.705900192260742,0.29330000281333923
"MGAT4B","node_id_1",10.860099792480469,0.38429999351501465
"MGAT5","node_id_2",8.081199645996094,0.42170000076293945
"MGAT5B","node_id_3",7.1321001052856445,-0.3188999891281128
