"label","id","mRNA","methy"
"MGAT3","node_id_0",6.098199844360352,-0.2994000017642975
"MGAT4B","node_id_1",10.670100212097168,0.0949999988079071
"MGAT5","node_id_2",8.95680046081543,0.19220000505447388
"MGAT5B","node_id_3",2.9892001152038574,-0.18719999492168427
