"label","id","mRNA","methy"
"MGAT3","node_id_0",3.9001998901367188,0.0608999989926815
"MGAT4B","node_id_1",12.168299674987793,-0.11980000138282776
"MGAT5","node_id_2",9.384099960327148,0.34549999237060547
"MGAT5B","node_id_3",3.748199939727783,-0.31470000743865967
