"label","id","mRNA","methy"
"MGAT3","node_id_0",4.933300018310547,0.24899999797344208
"MGAT4B","node_id_1",11.56659984588623,0.451200008392334
"MGAT5","node_id_2",8.462400436401367,0.4007999897003174
"MGAT5B","node_id_3",3.390500068664551,-0.0044999998062849045
