"label","id","mRNA","methy"
"MGAT3","node_id_0",8.791099548339844,0.07360000163316727
"MGAT4B","node_id_1",11.391900062561035,0.335099995136261
"MGAT5","node_id_2",5.992000102996826,0.33799999952316284
"MGAT5B","node_id_3",1.7312999963760376,-0.2858000099658966
