"label","id","mRNA","methy"
"MGAT3","node_id_0",9.30720043182373,-0.3479999899864197
"MGAT4B","node_id_1",11.305500030517578,0.40950000286102295
"MGAT5","node_id_2",7.037899971008301,0.3215999901294708
"MGAT5B","node_id_3",2.776900053024292,-0.39660000801086426
