"label","id","mRNA","methy"
"MGAT3","node_id_0",8.571800231933594,-0.16019999980926514
"MGAT4B","node_id_1",11.316699981689453,0.4383000135421753
"MGAT5","node_id_2",8.343999862670898,0.4474000036716461
"MGAT5B","node_id_3",2.5913000106811523,-0.31369999051094055
